423;4002
543;12016
606;4002
626;4002
674;15039
826;4002
1093;3032
1093;3029
1342;4002
1359;4002
1477;1020
1845;4004
1845;4002
1912;1001
2078;15039
2114;4002
2295;4002
2331;15039
2463;4002
2496;4002
2496;4004
2512;6001
2579;8005
2680;15039
2696;4002
2846;4002
2849;15039
2898;15039
2999;1001
3013;15035
3099;4002
3164;4002
3231;16006
3266;12011
3266;8001
3451;1004
3616;12011
3717;15039
3785;1004
3849;12023
3952;4003
3952;4004
4052;15039
4067;4002
4336;1001
4368;4002
4370;15037
4435;6001
4585;16003
4604;3012
4670;15022
4751;12021
4788;15039
4819;4002
4868;15036
4969;4002
4986;15039
5019;15039
5169;4002
5269;4002
5269;4003
5269;4004
5286;12013
5386;15021
5473;4002
5521;1001
5523;4002
5604;12011
5673;1021
5673;1004
5673;1020
5721;12011
5807;4004
5824;1004
5921;4002
6055;15039
6122;4002
6122;4003
6139;4002
6174;4002
6205;4002
6256;4002
6456;16007
6489;1004
6506;12011
6506;8001
6539;16003
6557;4004
6557;4003
6658;1004
6723;1001
6775;4002
6843;12011
6858;15039
6875;4003
7044;4002
7058;4002
7058;4004
7143;8001
7243;15039
7276;6001
7345;4002
7592;15039
7612;12011
7612;6001
7612;8001
7696;16003
7811;3012
7896;15031
7946;1004
7993;4002
8010;15039
8030;1004
8030;1020
8030;1021
8179;15039
8194;4004
8194;4002
8277;4002
8277;4004
8361;4002
8480;4002
8480;4004
8563;4003
8680;8001
8680;12038
8680;6001
8680;12011
8695;4003
8695;4004
8764;6001
8798;4003
9147;4002
9265;1004
9267;4002
9365;16006
9466;4002
9565;4002
9614;4002
9649;15039
9717;6001
9718;6001
9984;4002
9984;4004
10034;4003
10069;1020
10083;4004
10083;4002
10134;4002
10436;12006
10436;12004
10469;3012
10550;16007
10634;4002
10684;4002
10834;1001
10885;15039
10954;15039
11037;1020
11037;1001
11136;1004
11389;4002
11489;16006
11506;1001
11571;4002
11670;1020
11672;4002
11720;12011
11773;4002
11789;4002
11789;4004
11889;15039
12122;4004
12173;4004
12173;4003
12391;1001
12490;4002
12556;1001
12657;12011
12674;4002
12823;4002
12842;6001
12843;4002
12941;4002
12941;4003
13025;15004
13041;6001
13211;4003
13211;4004
13276;6001
13276;12011
13294;4002
13377;3004
13392;4002
13475;4002
13475;4004
13561;15039
13644;13003
13676;15039
13710;1020
14026;15039
14329;8005
14329;12011
14377;1006
14377;1016
14377;1019
14377;1001
14712;6001
14763;4002
14899;4002
14899;4004
14929;1004
14962;1020
15098;4004
15098;4002
15132;15039
15382;4004
15481;12011
15481;6001
15483;4002
15565;4002
15734;4002
15750;4002
15800;15039
15865;12011
15866;1020
16117;16006
16419;6001
16584;6001
16685;1020
16818;6001
16938;15039
16970;6001
17018;6001
17103;4002
17269;3029
17354;4002
17422;4002
17438;4002
17438;4004
17456;1004
17472;16006
17572;4004
17572;4002
17723;4002
17723;4004
17738;4004
17738;4002
17837;12011
17890;1020
18023;4002
18189;4002
18256;4002
18291;8005
18308;4002
18557;15039
18625;1020
18759;4002
18876;15039
18891;4002
18958;13007
18958;13003
19009;6001
19023;6001
19158;4004
19158;4002
19291;6001
19291;12016
19375;12011
19378;4002
19560;4002
19576;4002
19678;4002
19761;15039
19911;12011
19912;1019
19912;1001
19944;4004
19961;1001
20193;6001
20228;13003
20262;1001
20646;4004
20698;15022
20929;13007
20929;2021
20929;5015
20929;6001
20929;12022
21097;1020
21098;1020
21182;4004
21198;15039
21398;4004
21430;4004
21514;4004
21633;12011
21665;1020
21800;4004
21850;12011
21965;15022
22035;4004
22118;15039
22466;16003
22550;6001
23021;6001
23153;16007
23188;4004
23489;12038
23489;12011
23503;4004
23619;4004
23804;2021
23804;12022
23804;5015
23804;6001
23823;4004
24255;15035
24508;6001
24555;4004
24573;1001
24925;13003
25125;6001
25142;12011
25160;13001
25644;15039
25658;15039
25709;12011
25710;12011
25710;12038
26347;10005
26762;12011
26898;4004
26947;8006
26947;6001
26997;6001
26997;12011
27063;13003
27198;15039
27432;1020
482;15039
517;8001
566;4002
599;4002
618;1001
631;1004
835;4002
935;15039
1250;4003
1453;6001
1536;1004
1536;1020
1536;1001
1671;4003
1803;4002
1919;15039
1972;1001
2069;4002
2169;16003
2437;4002
2487;6001
2590;15035
2821;6001
2922;4002
2956;4002
2972;15039
3071;15035
3122;15039
3223;15039
3459;15039
3591;4002
3625;13003
3625;12036
3625;13007
3625;12013
3791;16003
3807;4002
3857;4002
3958;4002
3994;4002
4026;15039
4278;15039
4310;1004
4461;4002
4594;4002
4677;4004
4728;4002
4810;4002
4913;4002
4946;4002
5012;4002
5080;4002
5281;15039
5495;4002
5680;1001
5798;1004
5812;12004
5812;12011
6150;4002
6198;4002
6216;15039
6316;12013
6400;15039
6548;16003
6599;4003
6614;4002
6634;15039
6651;15032
6651;7006
6683;4002
6734;4002
6749;1004
6749;1020
6749;1021
6782;12016
6782;12011
6782;12038
6782;6001
6785;4003
6785;4002
6785;4004
6852;6001
6951;15039
6966;1004
6968;4004
6968;4002
7116;1001
7116;1004
7116;1020
7167;4002
7301;4003
7301;4004
7384;12011
7550;4002
7570;4002
7654;4002
7654;4004
7719;1001
7719;1020
7719;1005
7785;4002
7804;12011
7836;1004
7888;4002
7971;1020
8037;15039
8052;6001
8072;4002
8088;4002
8189;16003
8203;6001
8252;15039
8372;15020
8389;4003
8389;4002
8421;4002
8421;4003
8486;6001
8570;6001
8706;4002
8706;4004
8889;4004
8889;4002
8890;4002
8890;4004
8923;4002
8941;16001
8956;4002
9007;15039
9125;1001
9241;4002
9241;4003
9288;4002
9290;4002
9391;4002
9542;15035
9609;4002
9609;4004
9639;12011
9642;1021
9642;1004
9642;1020
9740;1020
9740;1004
9757;12038
9757;6001
9758;4002
9792;6001
9843;4002
9924;1020
9924;1001
9977;16003
10091;4004
10093;4004
10193;4002
10194;4002
10275;15020
10495;15039
10662;4002
10676;4002
10762;1001
10877;6001
10894;15039
10943;16003
10945;4002
10963;6001
11112;4002
11229;4002
11263;4002
11429;4002
11446;15018
11597;4002
11681;4003
11681;4004
11715;4002
11947;4002
12113;4002
12182;4003
12213;15039
12232;4003
12484;4003
12616;16003
12882;4002
13015;4003
13286;13006
13350;4002
13416;6001
13419;15039
13470;4004
13470;4002
13685;4002
13771;16007
13834;15039
13854;16007
13884;4002
13904;4002
13920;8007
14154;4002
14171;4002
14439;4002
14588;4002
14604;4002
14604;4004
14688;15039
14757;4002
14840;4002
14840;4004
14887;15039
14890;4004
14890;4002
14937;4002
15108;15039
15172;15039
15188;4002
15422;4002
15490;1004
15607;4002
15608;4002
15793;4002
15793;4004
15842;4004
15842;4002
16043;4002
16043;4004
16057;4002
16377;4002
16409;4002
16441;4002
17061;12011
17061;6001
17061;12016
17110;15039
17661;1020
17729;4004
17747;4004
17947;1020
18113;4004
18249;15008
18249;15035
18298;15039
18465;15039
18498;1020
18498;1004
18498;1021
18498;1016
18500;8001
18500;12011
18500;12004
18500;12006
18599;6001
18650;1004
18799;1020
18848;15039
18917;15039
19217;6001
19300;15039
19317;1004
19384;1020
19384;6001
19435;4004
19635;4004
19936;1020
19936;1004
20002;15039
20068;12013
20068;12022
20068;6001
20068;5015
20068;12027
20068;5005
20254;4004
20372;14009
20422;13003
20506;15039
20638;1004
20672;4004
20787;15039
21039;1004
21273;15039
22224;4004
22391;12038
22392;6001
22427;1020
22543;1004
22879;12011
22927;13003
23227;8001
23227;12011
23430;8005
23497;15035
23681;13003
23763;8001
23863;13003
23914;4004
24281;6001
24465;6001
24548;1020
24750;15039
24968;16003
25102;15018
25268;15039
25317;6001
25486;4004
25533;6001
25586;15039
25736;4004
25752;4004
25804;1004
25935;6001
25936;6001
25936;8001
26068;4004
26268;6001
26320;4004
26385;1026
26454;15039
26552;6001
26788;4004
27255;1004
27339;13003
27340;13003
27722;13006
27757;13003
27807;13003
27807;15022
27807;4005
28142;13003
28360;15039
28411;15037
28424;15039
28661;4004
28744;3032
29026;1019
29026;1020
29096;6001
29109;13003
29195;4002
29228;4002
29277;4002
29277;4004
496;6001
555;4002
555;4004
569;4002
989;15035
1023;4002
1282;6001
1496;1020
1496;1001
1498;15020
1521;4002
1539;1001
1548;15039
1700;12013
1914;4002
1934;4002
2075;4002
2098;15039
2357;15039
2466;4002
2484;15037
2493;4002
2493;4004
2641;15039
2643;4002
2686;1020
2741;4004
2741;4002
2809;4002
2875;15039
2893;4002
2902;1001
2995;4002
3018;15018
3070;15039
3179;12013
3202;15039
3227;4002
3293;16006
3368;1004
3393;4004
3393;4002
3411;15039
3443;4002
3595;16003
3629;4002
3661;4002
3672;4002
3786;1004
3788;15039
3920;4002
3961;15039
4220;4002
4220;4003
4338;4002
4338;4004
4381;15039
4522;4003
4522;4004
4656;1020
4656;1001
4656;1016
4717;4002
4867;15039
4965;15039
4976;15039
4999;4003
4999;4004
5083;15039
5108;1020
5108;1004
5108;1021
5192;15039
5240;4002
5367;4002
5594;6001
5853;4002
5942;4002
6035;4002
6162;4002
6167;15039
6287;4002
6303;15039
6310;12011
6360;4002
6410;16003
6426;4002
6494;4002
6594;4002
6612;4002
6755;15039
6887;4002
7003;16003
7080;4003
7239;4002
7282;1016
7282;1020
7282;1001
7287;4002
7339;15039
7446;1020
7446;1001
7446;1019
7446;1005
7446;1016
7464;6001
7539;4002
7730;13005
8057;4002
8200;15039
8298;4002
8352;1005
8352;1016
8352;1020
8352;1001
8586;4002
8611;1001
8611;1020
8775;4002
8818;1004
8827;15039
8925;15039
8986;4002
9002;7006
9159;4002
9218;4002
9218;4004
9236;4002
9284;1004
9354;4002
9427;12038
9436;4002
9636;4002
9636;4004
9920;4002
10322;1001
10349;4002
10522;15039
10658;4004
10658;4002
10765;4002
10899;1004
11242;4002
11415;4002
11674;4002
11769;15018
11985;4002
11985;4004
12078;4002
12101;6001
12151;14009
12162;4002
12194;4003
12310;1004
12344;4004
12344;4002
12360;12011
12360;8001
12703;6001
12739;4003
12739;4002
12769;4003
12769;4004
12828;1020
12928;4002
12971;4002
13064;15039
13087;4004
13087;4002
13087;4003
13123;6001
13178;1004
13273;4002
13387;4002
13421;12011
13421;12004
13421;8001
13466;4002
13466;4004
13482;1004
13505;1004
13582;4002
13639;4002
13696;1004
13696;1020
14059;4002
14114;16003
14134;4002
14159;1020
14159;1004
14434;1020
14509;1004
14534;4004
14534;4002
14634;4002
14641;4002
14643;4002
14777;4002
14784;1004
14850;4002
14927;4002
14993;12011
15093;6001
15102;1004
15227;12011
15261;16003
15379;4002
15511;12004
15511;8001
15736;4002
15795;4002
15854;4002
15938;4002
15972;15039
15981;4004
15981;4002
16131;15039
16165;4002
16229;4002
16395;1004
16395;1019
16395;1025
16406;4002
16449;16006
16490;4002
16538;13003
16547;1004
16565;4002
16622;4004
16658;16001
16865;4004
17124;4004
17151;16003
17360;15039
17585;16008
17649;12011
17649;6001
17817;15039
17944;1004
17992;13003
18003;16003
18226;15039
18351;1020
18351;1001
18519;16001
18562;15039
18694;13003
18905;8001
19121;6001
19223;12011
19464;6001
19621;1004
19655;1020
19666;6001
19666;12011
19698;15039
19730;12013
19821;6001
20123;6001
20273;6001
20291;1004
20425;1001
20425;1020
20425;1016
20432;4004
20518;13003
20577;1020
20577;1001
20927;13001
21127;13003
21261;16007
21361;12013
21361;12022
21713;13003
21888;4004
21929;15039
21936;4005
22095;4004
22220;13003
22497;4004
22579;4004
22679;4004
23058;13001
23133;6001
23147;4004
23183;4004
23233;4005
23408;14009
23431;12011
23433;15039
23517;4004
24026;6001
24092;8002
24101;15039
24126;4004
24410;4004
24421;4004
24512;4004
24535;4004
24637;1020
24637;1001
24637;1004
24685;4004
24730;15039
24994;12038
25178;4004
25637;16004
25646;1020
25646;1004
25841;4004
25932;15035
26125;15039
26141;13005
26200;13003
26373;6001
26491;6001
27177;6001
27445;13003
27645;13006
27777;13003
27913;13003
28106;8002
28145;13003
28145;15037
28231;15035
28554;6001
28574;1020
28781;6001
28956;6001
29006;4002
29006;4004
29022;6001
29067;6001
29147;3032
29258;6001
29276;4002
29297;6001
29301;1004
29308;13003
29381;6001
420;4002
597;4004
904;1004
904;1021
904;1020
981;4002
990;6001
1038;4003
1038;4004
1165;1020
1165;1016
1497;4005
1688;4002
1890;15039
1899;4002
2008;4002
2058;16003
2099;4002
2158;15039
2258;16006
2433;12013
2433;5014
2433;12036
2469;15039
2483;15039
2624;1020
2785;16001
3042;4002
3380;6001
3621;4002
3937;1016
4112;4002
4112;4004
4121;4002
4207;15039
4264;15039
4305;1004
4312;1004
4498;4002
4532;15039
4555;1004
4598;4002
4966;1020
5009;4002
5032;4002
5066;1016
5066;1020
5066;1019
5200;4002
5243;15039
5257;6001
5268;6001
5268;8001
5268;12011
5318;6001
5327;15039
5427;12011
5616;4002
5643;15039
5650;15039
5686;1004
5818;5003
5843;15039
5884;6001
5902;16003
6118;15039
6134;15039
6145;4002
6179;15039
6411;4002
6445;1004
6463;15039
6486;4002
6520;1004
6529;15039
6554;8007
6679;4002
6831;15039
6863;4002
6886;16001
6920;4002
7015;4002
7015;4003
7349;1004
7404;15039
7490;15039
7633;4003
7708;4002
8049;15039
8106;4004
8106;4002
8106;4003
8251;12011
8549;12011
8549;8001
8635;12011
8676;4002
8803;1020
8867;15039
8883;4002
8926;4002
8926;4004
9067;15039
9067;15016
9119;4002
9285;4002
9344;12011
9344;12038
9344;6001
9426;1020
9444;4002
9503;4002
9569;15039
9603;16007
9903;6001
9905;4002
10089;4004
10466;6001
10639;4002
10650;4002
10673;4002
10682;4002
10939;4002
11100;15039
11125;3032
11200;15039
11282;4002
11357;4002
11357;4003
11357;4004
11359;4004
11359;4002
11368;4002
11423;15039
11541;8007
11643;4002
11684;12004
11684;12006
11684;12016
11836;1020
11943;4002
12050;1004
12050;1019
12093;4004
12093;4002
12102;15039
12168;4002
12277;4002
12284;6001
12468;4002
12568;16003
12586;16007
12597;15039
12672;12038
12856;4002
13038;12023
13072;15035
13106;4002
13111;12036
13111;12027
13111;5015
13111;6001
13111;12013
13129;13003
13195;1020
13240;4002
13347;4003
13404;1020
13447;4002
13506;1004
13658;4002
13715;4002
13715;4004
13788;4004
13788;4002
13922;15039
13931;4004
13931;4002
13965;4002
14351;15039
14585;4002
14635;4002
14635;4004
14751;4002
14824;1021
14824;1020
15003;4002
15119;12011
15294;4002
15296;1020
15344;4004
15344;4002
15353;6001
15437;4002
15437;4004
15453;15039
15460;15035
15605;4002
15814;4002
15946;4005
15962;4002
16128;4002
16246;1004
16437;4004
16482;16003
16496;4002
16598;12011
16875;15039
17243;16003
17300;6001
17443;4004
17741;4004
17775;16003
18304;6001
18643;1004
18747;15039
18786;15039
19304;6001
19304;12011
19429;4004
19481;13003
19749;4004
19858;12011
19865;4004
19888;1004
19913;16007
19967;12011
19990;12038
19990;8001
19990;6001
20131;4004
20476;13003
20953;6001
20958;8001
20958;12011
21158;12011
21158;6001
21476;6001
21476;8001
21476;12011
21760;15039
21810;15039
21869;4004
21980;6001
22014;4004
22148;4005
22246;6001
22348;6001
22521;4005
22546;4004
22555;4004
22621;12011
22621;6001
22782;6001
22875;4004
22925;1020
22925;8001
23098;5015
23098;12036
23098;6001
23098;12022
23098;12013
23114;6001
23114;8001
23134;4004
23191;6001
23257;3032
23307;13001
23307;13003
23359;4004
23782;4004
23786;6001
24152;4004
24559;6001
24679;4004
24770;1020
24979;6001
25056;12011
25129;4004
25338;6001
25515;6001
25520;4004
25597;4005
26031;6001
26056;15039
26117;13001
26351;13003
26685;15039
26894;6001
27003;4004
27135;6001
27135;12011
27158;8002
27212;8002
27292;6001
27292;12011
27342;4004
27369;13003
27635;4004
27705;4004
28137;13003
28278;6001
28321;15039
28371;4004
28716;1004
28739;12011
28921;1004
28964;6001
28982;4002
29116;6001
29666;4002
29716;13003
29868;1016
29868;1020
29986;4002
30018;6001
30041;4002
30220;13001
30252;4002
30404;4002
30459;13003
30602;4002
30604;4002
30618;6001
30768;6001
30820;4002
30861;4002
30861;4004
30954;4002
31079;4002
31079;4004
31120;12016
31120;6001
31131;12011
31163;13003
31172;6001
31179;4005
31211;4002
31211;4004
31231;1004
27549;4004
27800;12011
27965;12013
27967;13007
28149;4004
28382;12013
28382;12022
28382;5015
28382;6001
28452;6001
28501;8002
28501;12011
28903;13003
28936;13003
28952;6001
29004;4002
29068;15039
29121;3012
29302;4004
29302;4002
29318;4002
29318;4004
29503;4004
29503;4002
29522;4002
29688;4002
29920;4002
29937;4002
29957;3035
30040;4002
30204;12011
30339;12011
30406;4002
30424;4002
30424;4004
30539;4004
30625;4002
30659;4002
30659;4004
30825;4002
30924;4002
30959;12016
31059;6001
31093;4002
31274;6001
31275;4002
31275;4004
31291;15039
31342;4004
31342;4002
31458;4002
31543;6001
31543;12011
31577;6001
31711;4002
31976;4004
32128;4002
32129;4002
32310;12011
32380;12011
32428;4002
32445;13003
32447;12038
32447;6001
32514;4002
32594;4002
32645;4002
32797;6001
32814;4002
32846;4002
32865;4002
32914;4002
32914;4004
32981;4002
33112;4002
33232;12011
33232;12006
33397;4002
33433;4002
33433;4004
33565;4004
33599;6001
33615;4002
33633;15035
33734;12011
33765;12011
33831;4004
33851;4004
33851;4002
34017;4002
34100;6001
34100;12027
34100;12036
34100;5015
34100;12013
34217;1020
34252;8001
34265;6001
34382;6001
34382;8001
34382;12011
34416;4002
34584;6001
34584;12011
34585;12011
34600;16003
34603;1004
34617;8007
34668;8002
34833;4002
34837;8001
34837;12011
34970;4002
34984;4002
35085;8007
35101;4002
35118;4002
35136;4002
35136;4004
35188;6001
35370;12011
35453;4002
35471;15039
35485;4002
35622;4004
35686;4002
35689;6001
35689;12011
35720;4004
35720;4002
35805;4002
36104;16006
36174;6001
36174;8002
36187;4002
36187;4004
36255;6001
36290;4002
36304;4002
36324;4002
36324;4004
36354;1004
36423;4002
36606;15039
36624;15039
36655;4004
36689;4002
36875;4002
36890;12038
36890;12011
36974;3032
37190;4004
37190;4002
37292;4002
37442;6001
37460;13003
37491;8001
37491;12011
37625;1016
37625;1019
37625;1020
37625;1001
37677;15039
37692;6001
37709;15039
37944;4002
38012;13003
38079;12004
38145;4004
38145;4002
38176;15039
38262;4002
38293;6001
38312;4004
38662;13005
38697;12011
38697;8001
38730;4002
38794;12018
38814;4002
38946;6001
38948;4002
38948;4004
38965;4002
39162;12023
39164;4002
39297;12011
39331;1004
39366;4004
39480;7007
39530;4002
39613;4002
39630;5002
39666;4002
39747;4002
39882;1004
39884;1004
39901;4004
39931;4002
39965;4002
40282;4002
40282;4004
40452;13003
40800;4002
40800;4004
40835;4002
40851;4002
40969;6001
41270;15035
41453;4002
41468;15022
41519;6001
42022;16003
42140;16007
42391;4004
42491;12023
42922;15039
43208;6001
43274;15039
43474;3003
43542;1020
43557;6001
43795;6001
43858;1004
43910;16003
43993;6001
43994;1020
43994;1001
44078;1001
44095;4004
44160;1004
44863;1001
44896;1004
45446;1001
45446;1020
45530;15039
45615;4004
45630;15039
45663;1001
45750;15039
46201;4004
46218;16003
46268;12011
46268;6001
46400;16006
46516;15039
46866;6001
47020;12011
47186;8002
47535;16007
47635;15039
47804;1020
47854;15039
48003;3010
48289;8007
48491;12023
48541;15035
48590;16007
49107;1020
49107;1001
49191;15039
49376;15039
49560;15039
49694;1004
49774;12004
49774;12011
49828;4004
50510;1001
50777;12011
50777;8007
50777;6001
50911;4004
50979;15039
51145;4004
51232;4004
51265;1004
51296;4004
51432;4004
51529;15039
51715;1004
51832;15039
51832;15022
51881;15039
52099;1004
52132;1004
52401;15039
53001;1020
53001;1004
53137;12004
53137;12011
53137;8001
53304;12016
53452;1004
53652;15039
53655;6001
53722;15039
55041;1004
55307;13003
55557;6001
55643;16003
55908;4004
57629;13003
58264;13003
58315;13003
58951;8005
58951;3039
65337;1001
65469;1020
65470;1020
65484;15039
65486;15039
65487;15039
65552;15020
65584;15039
65587;15039
65601;15039
65603;15039
65604;15039
65636;15039
65637;15039
65638;15039
65669;15036
65701;12018
65718;12018
65735;12018
65752;12018
65852;12011
65853;6001
65855;8007
92559;1020
119985;6001
119987;6001
120001;6001
120002;6001
120018;6001
120034;6001
120035;6001
120036;6001
120050;6001
120051;6001
29451;4002
29660;4002
29774;15039
29819;6001
30133;12011
30178;4002
30269;4002
30269;4004
30362;12011
30410;4002
30412;4002
30662;4002
30721;15039
30744;4004
30744;4002
30896;6001
30928;4002
30928;4004
30980;4002
30985;4002
30994;4002
30994;4004
31039;4002
31214;5005
31214;5007
31280;4002
31280;4004
31303;4004
31346;6001
31380;4002
31380;4004
31612;4004
31630;6001
31691;4002
31691;4004
32155;4002
32264;4002
32643;4002
32657;4002
32657;4004
32693;4005
32809;4002
32991;12011
33000;6001
33275;4002
33286;4002
33429;6001
33436;15035
33461;4002
33484;13003
33838;4002
33888;4002
34077;4002
34206;13003
34211;4002
34311;4002
34520;4002
34538;4002
34538;4004
34604;1004
34615;1020
34645;6001
34913;6001
34938;12011
35047;1001
35049;1020
35056;6001
35081;4002
35106;6001
35165;4004
35281;4004
35281;4002
35308;6001
35490;4002
35590;4002
35610;4002
35626;6001
35633;4004
35642;4002
35751;6001
35751;12038
35751;12011
35840;4002
35860;12011
35926;4002
35942;4002
35969;4002
35969;4004
36051;4002
36060;4002
36210;4002
36217;4002
36260;4002
36283;1020
36460;6001
36503;6001
36612;4002
36626;15039
36646;4002
36687;16006
36726;4002
36776;15039
36953;4002
37019;6001
37171;1004
37205;6001
37294;4002
37312;4002
37312;4004
37353;4002
37637;1001
37648;4002
37648;4004
37655;6001
37748;4002
37748;4004
38066;4004
38066;4002
38132;12013
38182;4002
38205;4002
38289;4002
38325;4002
38407;4002
38548;4002
38550;1001
38550;1020
38559;6001
38682;12011
38748;12011
38766;15007
38802;6001
38852;4002
39002;6001
39016;15039
39061;12013
39086;12011
39166;4005
39200;4002
39284;4002
39284;4004
39427;4002
39436;4002
39436;4004
39702;4002
39852;6001
39861;4002
39970;4002
39979;15039
40111;4002
40231;4002
40329;4002
40413;4002
40413;4004
40422;4002
40431;4002
40497;4002
40572;1020
40572;1019
40897;4002
40897;4004
40915;4004
40915;4002
41097;4002
41097;4004
41133;4004
41133;4002
41256;1004
41258;4002
41267;15035
41342;4002
41342;4004
41660;16006
41883;1020
41883;1001
41883;8002
41883;1016
41985;16003
42142;16003
42183;4004
42487;4004
42644;6001
42726;15039
42810;4004
43062;6001
43748;4004
43762;16003
43805;6001
44150;15039
44255;15039
44266;6001
44389;15039
44532;12023
44757;15039
44850;1004
45086;1020
45086;1001
45300;1001
45927;1020
45936;1004
46038;16006
46413;15039
46520;6001
46563;4004
46579;6001
46765;13005
46774;15039
46822;13003
46854;1020
46881;15039
46929;1004
47124;15018
47233;12018
47233;13003
47333;1004
47447;15039
47501;1020
47501;1001
47501;1004
47776;1019
48010;15039
48133;1004
48142;4004
48269;1004
48369;15039
48517;4004
48544;4004
48626;4004
49010;4004
49069;16006
49105;1001
49221;1004
49421;1004
49421;1015
49421;1001
49905;8001
49905;6001
49989;15021
49989;15039
50048;15022
50275;1016
50275;1020
50275;1001
50339;16006
50473;15039
50582;1020
50582;1004
50673;12011
50857;16007
50893;4004
51252;12011
51252;8005
51325;15039
51452;4005
51577;4004
51786;1020
51884;1001
52004;1001
52004;1020
52004;1016
52086;1004
52170;1016
52170;1020
52170;1001
52170;1019
52327;15039
52597;1020
52597;1004
52597;1006
52690;4004
52697;16003
52740;4004
52756;15032
52872;15039
52972;1004
52974;1004
53867;15039
53917;6001
53940;12004
53940;12016
53940;12006
53974;6001
53974;12036
53974;5015
54585;15022
54585;15039
55573;1020
55596;15039
58120;13003
58138;13003
60910;8005
60910;12004
60910;12003
60910;12011
63018;1020
65172;15037
65488;15039
65515;15039
65538;15039
65547;15039
65590;15039
65592;15039
65597;15039
65633;15039
65640;15039
65667;15036
65692;12018
65706;12018
65740;12018
65758;12018
65833;6001
65858;8007
119979;6001
119981;6001
119990;6001
119999;6001
120004;6001
120008;6001
120013;6001
120015;6001
120022;6001
120031;6001
120047;6001
120056;6001
120058;6001
120065;6001
120074;6001
120081;6001
120090;6001
120097;6001
120099;6001
120108;6001
120113;6001
120115;6001
120131;15039
120131;15022
120213;6001
120224;6001
120256;6001
120290;15037
29379;13003
29630;12018
29662;4002
29797;12038
29797;8001
29797;12016
29812;4004
29812;4002
29815;6001
29815;8002
29845;5007
29845;5001
29978;4004
29978;4002
30063;4002
30180;6001
30232;4002
30364;12011
30432;13003
30631;4002
30647;13003
30782;12011
30801;4004
30865;4002
30999;15039
31031;4002
31050;12016
31065;6001
31150;8007
31200;6001
31215;15039
31252;4002
31366;4002
31451;4002
31552;4002
31701;6001
31736;16004
31750;4004
31750;4002
31902;6001
31904;4002
32101;4002
32121;6001
32169;4002
32268;4004
32335;13003
32505;1004
32670;6001
32720;4002
32769;15039
32803;4002
32839;12011
32920;8005
32954;12011
33206;6001
33273;12013
33321;15039
33358;1004
33458;6001
33522;4002
33558;13003
33908;4002
34040;4002
34093;1020
34275;12011
34358;8001
34561;4002
34561;4004
34625;6001
34625;5015
34625;13003
34643;13003
34726;1004
34727;1004
34861;4002
35210;15039
35227;6001
35244;4002
35296;4002
35313;4002
35413;6001
35564;4002
35564;4004
35611;4004
35611;4002
35630;1021
35644;4002
35645;6001
35728;4002
35812;1020
36062;4002
36064;4002
36115;4002
36115;4004
36280;4002
36429;4002
36429;4004
36500;4004
36500;4002
36549;15003
36616;4002
36632;13003
36649;4002
36666;4002
36897;15039
36931;4002
37016;1020
37031;12018
37033;6001
37183;1016
37183;1020
37183;1021
37248;4002
37248;4004
37368;4002
37417;4002
37449;4002
37603;4002
37734;6001
37801;4005
37917;4002
38204;4002
38253;12011
38302;4002
38737;4002
38739;4002
38823;15025
38823;15031
38906;4002
39220;15039
39290;4002
39307;15039
39406;1004
39406;1026
39472;12006
39472;12004
39472;12011
39472;6001
39507;4002
39638;4002
39638;4004
40057;12011
40057;6001
40057;8005
40073;4002
40073;4004
40276;12011
40391;12011
40391;6001
40408;4002
40426;4002
40559;4002
40577;4002
40828;6001
40828;8001
40828;12011
40875;12013
41092;4002
41293;15022
41293;15016
41296;13007
41296;13001
41296;12023
41395;1004
41411;4002
41697;4004
41728;16006
41912;15039
42197;4004
42600;4004
42663;16003
42881;1004
43031;12011
43031;6001
43032;12011
43316;12013
43569;4004
43867;4004
43886;16003
44003;4004
44101;12011
44103;4004
44184;4004
44203;15039
44368;4004
44802;15039
44802;15022
44903;1004
45540;4004
45641;12036
45641;12013
45823;15039
46039;13003
46139;6001
46225;6001
46225;8001
46225;12011
46625;1020
47260;13003
47745;8001
47745;12011
47847;15039
47913;1004
47945;12016
48229;4004
48299;13005
48446;15022
48497;15039
48580;15039
48580;15022
48763;6001
48800;15039
48830;1016
48967;15035
48998;5015
48998;12036
48998;6001
48998;12022
48998;12013
49115;1004
49348;12038
49417;4004
49533;16001
49583;1004
49634;8001
49749;12011
49817;12011
49817;8001
49817;12038
50321;1004
50418;15039
50536;1004
50585;1026
50605;15039
50739;15039
50754;6001
50970;8002
50970;12011
51003;5015
51003;6001
51003;12022
51003;12002
51006;15039
51039;12013
51289;15039
51437;6001
51474;4004
51522;12011
51522;6001
51655;16001
51707;15039
51939;15039
52189;15039
52224;15008
52224;15035
52258;16003
52593;6001
52760;15039
52858;6001
52909;12038
53310;1004
53310;1020
53410;15039
53530;5004
54048;16003
54097;1020
55600;15039
55918;13005
56000;1004
56100;16003
56237;12011
56237;6001
57691;12015
58226;13013
58258;13003
60847;15039
60848;12024
60848;15022
65326;1020
65494;15039
65512;15039
65543;15036
65544;15031
65544;15025
65577;15039
65578;15039
65593;15039
65594;15039
65595;15039
65629;15039
65693;12018
65694;12018
65694;12021
65695;12018
65710;12015
65710;13003
65760;12018
65761;12018
65761;12021
119624;1020
119641;12011
119975;6001
119976;6001
119978;6001
119993;6001
119995;6001
120010;6001
120011;6001
120025;6001
120027;6001
120028;6001
120042;6001
120044;6001
120045;6001
120059;6001
120061;6001
120062;6001
120093;6001
120094;6001
120095;6001
120110;6001
120111;6001
120160;6001
120211;6001
120228;6001
120293;15036
125242;4002
125460;4002
125591;4002
126109;4002
126259;13003
126261;15037
126378;12011
126394;12011
126396;12011
126460;4004
126479;4002
126493;4004
126494;4004
126510;4004
31254;4002
31288;12011
31306;4002
31395;12011
31454;6001
31495;4002
31554;4002
31588;4002
31588;4004
31654;12016
31681;4002
31713;6001
31731;4002
31731;4004
31813;6001
31949;13003
32158;8003
32199;16003
32208;4002
32222;4002
32308;6001
32474;4002
32508;1004
32617;6001
32660;4002
32660;4004
32742;4002
32849;4002
32960;12016
33049;15039
33128;12011
33283;6001
33401;4005
33412;15039
33487;1004
33628;15035
33728;13003
33835;15039
33894;4002
33962;6001
33996;4002
33996;4004
34021;12011
34021;6001
34080;4002
34280;12011
34362;4002
34489;4002
34512;4002
34546;4002
34555;4002
34637;12038
34637;12011
34664;4002
34680;15039
34866;1020
34964;4002
34964;4004
34980;12011
34980;6001
35130;12011
35141;4002
35173;12011
35175;4002
35543;15039
35559;4002
35668;8007
35682;4002
35693;6001
35693;12038
35693;12011
35743;4002
35966;6001
36077;4002
36086;12011
36109;4004
36109;4002
36118;4004
36152;12011
36152;6001
36152;12038
36166;4002
36243;15039
36270;6001
36270;12038
36370;15039
36479;4002
36479;4004
36509;6001
36529;15039
36586;6001
36627;6001
36627;12011
36627;12016
36661;15039
36670;6001
36922;4002
36968;4002
36988;4002
37311;6001
37397;4002
37456;4002
37522;4002
37638;4002
37663;4002
37747;1020
37781;16007
37804;3032
37890;15039
38033;6001
38115;4002
38115;4004
38138;8002
38206;4002
38249;4004
38399;4002
38401;16003
38442;6001
38501;8002
38656;4002
38660;6001
38660;8001
38726;4002
38885;4002
38915;16003
38992;4002
38992;4004
39151;15031
39151;15039
39208;4002
39226;4004
39260;4002
39403;16007
39412;4002
39478;7003
39537;4002
39537;4004
39587;4004
39587;4002
39662;12011
39662;12016
39862;4004
39862;4002
39896;4004
39910;14009
40362;4002
40389;4002
40405;6001
40428;4002
40453;4002
40462;4002
40537;15039
40632;4002
40646;6001
40662;1004
40662;1020
40689;4002
40830;4002
40830;4004
40966;6001
41021;16003
41330;4002
41375;4002
41375;4004
41389;4002
41450;4002
41766;15039
42275;12022
42275;12013
42275;6001
42275;13003
42275;5015
42275;5005
42484;1020
42529;6001
42584;7015
42584;16008
42709;1004
42879;15039
43097;12011
43122;12011
43122;12038
43122;8001
43161;12038
43161;12011
43313;13003
43386;15039
43456;12011
43629;15039
43715;4004
43888;12011
43888;6001
44467;15039
44531;15039
44840;15034
45008;1020
45174;1020
45258;4004
45269;4004
45467;16007
45717;15039
45721;1021
46053;15039
46205;1004
46219;12011
46237;1004
46303;1020
46821;1020
46912;12011
46912;8001
47582;12015
47684;1004
47693;15039
48091;1020
48175;4004
48286;15039
48361;12011
48650;15039
48695;1004
48727;1020
48729;1020
48734;15039
48913;15039
48961;15039
49104;15039
49277;1004
49320;1020
49322;15039
49745;15039
49831;6001
50029;15039
50249;1020
50313;1004
50338;16006
50433;1004
50549;1020
50676;1004
50756;15039
51060;16003
51428;15039
51483;15039
51503;12013
51603;1020
51703;16003
51860;15039
51935;1004
52055;15039
52296;15039
52319;15039
52414;15039
52444;1004
52514;4004
52544;15039
52789;16006
53023;16003
53230;4004
53666;15039
53773;15039
55645;15035
55697;1020
55740;4004
55997;6001
56397;6001
56433;1020
57637;13003
58121;13003
58126;13003
58196;13003
65182;15022
65507;15039
65514;15039
65532;15039
65580;15039
65591;15039
65598;15039
65600;15039
65630;15039
65632;15039
65641;15039
65707;12018
65859;8007
65864;6001
65864;12011
65866;12011
65866;6001
119973;6001
119982;6001
119989;6001
119991;6001
119996;6001
119998;6001
120005;6001
120007;6001
120021;6001
120032;6001
120039;6001
120041;6001
120048;6001
120055;6001
120064;6001
120071;6001
120073;6001
120091;6001
120096;6001
120098;6001
120105;6001
120107;6001
120114;6001
125260;4002
125714;4002
125855;4002
126105;4002
126380;12011
126382;12011
126439;4004
126459;4004
126473;4004
126491;4004
126523;4002
126525;4002
126573;4002
126582;4002
126589;4002
126600;4002
126600;4004
126607;4004
126607;4002
126607;4003
126639;4002
126666;4002
126666;4004
126682;4003
126689;4004
126693;4003
126966;1020
130667;4002
137871;12038
140411;4005
144389;12023
146084;4004
120053;6001
120054;6001
120067;6001
120068;6001
120101;6001
120102;6001
120104;6001
120219;6001
120220;6001
120234;6001
120251;6001
125749;4002
125750;4002
125936;4002
126035;4002
126267;1001
126268;1001
126270;1001
126271;1001
126384;12011
126385;12011
126387;12011
126387;6001
126434;4004
126436;4004
126437;4004
126486;4004
126486;4002
126487;4002
126487;4004
126488;4004
126536;4004
126554;4004
126571;4002
126585;4002
126586;4002
126588;4002
126602;4002
126602;4004
126603;4004
126603;4002
126605;4002
126605;4004
126636;4002
126636;4003
126637;4002
126668;4002
126668;4004
126669;4004
126669;4002
126670;4002
126670;4004
126671;4004
126671;4002
126688;4003
126872;1004
129562;1001
129596;1020
129693;1012
130664;4002
130665;4002
132070;4002
132086;4002
139407;6001
140408;3029
148030;3029
148030;9001
152056;1001
152608;1001
152608;1020
153057;1001
153393;1001
153944;4002
154094;1001
154110;1001
287028;15025
287042;15025
287058;15025
287077;15025
287092;15025
287095;15025
290120;4002
291038;4002
291087;4002
291136;4002
291138;4002
291154;4002
293526;4002
337982;15008
337982;15035
338048;8001
338048;12011
338049;12011
338049;8001
373146;15039
380315;4002
380316;4002
381901;4002
381902;4002
381937;4002
425188;1001
425306;15039
425371;16003
426256;15039
427544;12011
427864;4005
427928;15039
429684;12038
431340;15020
431840;1001
431840;1020
431857;1020
431857;1001
432490;5008
434295;1004
436353;12011
436601;15039
436755;15003
437353;12011
439128;15039
439260;12011
439260;8001
440716;1004
441266;1001
441266;1020
441533;12023
2865994;1001
2865995;1001
2866595;1001
2866597;1001
2981944;15039
2981945;15039
2982614;15035
2982615;15035
2982997;12023
3000747;4002
3001263;12036
3008184;4004
3008184;4003
3021786;4003
3021787;4003
3027203;1012
3029226;3029
3029944;12011
3118471;15008
3120590;12011
3120591;12038
3122428;12023
3122715;12038
3122948;12011
3124352;15022
3204102;1020
3204102;1001
3204103;1001
3204103;1020
3204222;1020
3204222;1001
3204303;1020
3204305;1020
3204306;1020
3204336;1020
3204386;1020
3204386;1006
3204403;1001
3204420;1016
3204472;1020
3204505;1020
3204521;1020
3204522;1020
3204522;1001
3204523;1019
3204571;4004
3204672;1020
3205107;1020
3205107;1001
3205107;1003
3205173;1001
3205173;1020
3210639;1020
3211456;1020
3211458;1001
3214632;1001
3231161;1012
6434589;8001
6434589;12011
6434589;12004
6434606;1020
6435458;15033
6435458;15035
6435476;1020
6435476;1001
6435476;1019
6435476;1016
6435693;12011
6436681;12011
6436744;12011
6436746;12011
6436747;12011
6436761;1005
6436761;1006
6436761;1019
6436761;1001
6436761;1020
6437263;12011
6437263;6001
6437263;8005
6437265;12011
6437280;1004
6437280;1001
6437281;1001
6437281;1016
6437281;1020
6438934;1020
6439220;1020
6440056;1020
6440056;1001
6524669;12011
6524672;6001
6524686;12038
6524689;12038
6524704;6001
6524705;6001
6525505;6001
6526408;6001
6526691;6001
6526691;12011
6526693;6001
6526860;6001
6526860;12011
6527077;12011
6527077;6001
6531288;6001
6532306;15039
6532491;15039
6532492;15039
6532507;15039
6532509;15039
6532527;15039
6534161;12036
6534446;6001
6534447;6001
6534448;6001
6535650;1027
6535652;1022
6535817;1027
6535885;1022
6536051;1027
6536069;1027
6536086;1022
6536102;1022
6537253;6001
6537254;6001
6537255;6001
6537256;6001
6538441;13003
6538442;13003
6538442;13007
6538475;13003
6546161;4002
6546163;4002
6546164;4002
6546980;12011
6546980;8001
6546982;8001
6546983;8001
6546997;6001
8018680;6001
8018915;6001
8018915;8002
8018915;12038
8047761;15039
8047826;6001
8047826;12011
8047827;6001
8047829;6001
8066129;16003
8096881;4002
8097180;4002
8119024;8001
8119024;6001
8119024;12016
8123635;6001
8123636;6001
8155809;14009
8157747;5004
8157778;2021
8157796;12036
8158483;15039
8159568;12038
8159851;12038
8159851;12004
8160067;6001
8161855;1001
8161855;1020
8161856;1001
8162477;15039
8162625;6001
8162642;6001
8162643;6001
8162674;8002
8162677;8002
8162875;6001
8163243;15039
8164480;15039
8164481;15039
8164867;15039
8164883;15039
8164964;15039
8164966;15039
8164984;15039
8165049;15039
8165050;15039
8165064;15039
8165066;15039
8165067;15039
8165081;15039
8165082;15039
8165083;15039
8165084;15039
8165235;12023
8166320;6001
8166321;6001
8168644;15039
8169243;1004
8169245;1004
8169261;1004
8169277;1004
8169278;1004
8169461;1004
8169526;1004
8169527;1004
8169529;1004
8170111;15039
8170565;15035
8170566;15035
8170746;15039
8270771;6001
8270772;6001
8270774;6001
8272743;6001
125397;4002
125538;4002
125915;4002
126006;4002
126258;10005
126381;12011
126390;12011
126390;12016
126399;15039
126433;4004
126440;4004
126490;4004
126490;4002
126524;4002
126531;4004
126533;4004
126540;4004
126542;4004
126542;4002
126547;4002
126547;4004
126574;4002
126576;4002
126583;4002
126590;4002
126597;4002
126599;4002
126606;4002
126606;4004
126642;4004
126642;4002
126665;4002
126665;4004
126674;4003
126683;4003
126692;4003
129514;1020
146085;4004
151251;4002
152060;1001
152319;1001
152319;1020
152614;1020
152614;1001
152730;1001
152730;1020
153014;1001
153071;1020
153682;1001
153948;4002
153950;4002
154014;6001
154014;12011
154016;12011
154016;6001
154084;1002
287057;15025
290029;4002
291042;4002
291108;4002
291160;4002
293575;4002
310510;15025
337968;13012
338163;1020
372791;13001
373039;1020
380302;4002
380311;4002
380313;4002
380336;4002
380338;4002
380479;4002
381947;4002
392797;8001
392797;12011
392797;6001
424949;1020
424949;1001
425208;13003
426605;15022
428082;15039
428107;15003
428107;15035
428107;15008
428427;16001
429227;15039
430315;15039
430438;1004
430574;15039
430858;4002
431042;8002
431042;15039
431737;1004
431812;16003
432137;15039
432598;12011
435088;1001
435088;1020
436088;16003
436631;12011
438060;12011
438060;12038
438864;15032
439614;15039
439984;15035
440218;1004
440536;1004
440820;1015
441254;1001
441370;1001
441472;1001
2865991;1001
2866634;1001
2981864;8007
2981948;15039
3000750;4002
3021715;8005
3030146;12009
3030189;16007
3048112;12011
3093077;8002
3098266;15022
3098266;15039
3120589;12038
3122427;12023
3122566;1004
3122643;5002
3122650;12011
3122711;12038
3124733;12011
3203931;13013
3203933;13003
3204108;1001
3204108;1020
3204117;1020
3204117;1001
3204299;1020
3204308;1020
3204310;1020
3204326;1020
3204376;1001
3204385;12016
3204474;1020
3204476;1020
3204476;1001
3204476;1004
3204485;12011
3204667;8002
3204667;1004
3204667;1020
3204678;8005
3205246;1020
3205246;1001
3205246;1019
3211269;1001
3211312;1001
3211455;1001
3211455;1020
3211455;1021
3211455;1016
3211619;1020
3211619;1001
3225141;1020
3236957;1006
3236957;1005
3237916;1020
3237916;1001
3237916;1016
3237918;1016
3237918;1001
3237918;1020
3243809;1020
3243809;1001
3243809;1005
3243809;1006
6434585;12011
6435453;15035
6435453;15033
6435455;15033
6435455;15035
6435478;1001
6435696;12011
6435698;12011
6435721;1001
6436693;12011
6436693;8005
6436741;12011
6436743;12011
6436743;8001
6436752;12011
6436759;12011
6437259;12011
6437261;12011
6437277;1005
6437277;1001
6437277;1020
6437277;1016
6437277;1019
6437470;1001
6437470;6001
6437686;6001
6437686;1020
6437688;1027
6437838;1022
6437863;1027
6438347;1027
6438390;1020
6438390;1001
6439481;1020
6440821;1020
6440821;1001
6524676;6001
6524690;12038
6524701;6001
6524706;6001
6524708;6001
6524710;6001
6526487;6001
6526487;12011
6526487;13005
6526703;6001
6526705;6001
6526707;6001
6526862;6001
6526862;12011
6527539;12002
6527541;12002
6531319;6001
6532230;15039
6532269;15039
6532280;8007
6532496;15039
6532498;15039
6532596;8007
6532598;8007
6532598;12038
6533841;12036
6533843;12036
6533843;12013
6533843;12015
6534159;12036
6534168;12036
6534168;12013
6534175;12036
6534177;12036
6534500;8001
6534500;12011
6535656;1027
6535888;1027
6536047;1022
6536056;1022
6536097;1022
6536331;1022
6536842;13003
6537090;15022
6537099;15022
6537817;15039
6537819;12011
6537819;12038
6538439;13003
6538469;13003
6545180;1001
6545182;1012
6546977;8001
6547052;1001
6547052;1020
6551098;4005
6551791;15036
6552409;12011
6552409;6001
6552409;8001
6552409;12038
8018679;8001
8018679;6001
8018743;8002
8018745;8001
8018745;6001
8018745;12016
8019411;12011
8019411;6001
8019411;12038
8019445;8002
8020865;6001
8020867;6001
8020883;6001
8047823;6001
8047830;6001
8047830;12011
8048302;6001
8048302;8002
8048307;8002
8048307;6001
8065980;15039
8066223;4002
8103779;16003
8118074;1001
8123633;6001
8154783;4002
8154817;4002
8155317;4002
8157189;13006
8157757;12036
8157757;5005
8157798;12013
8157816;12036
8158486;15039
8159654;12038
8159654;12011
8159772;12011
8159772;6001
8159797;6001
8159940;6001
8160031;12038
8161403;5004
8162196;6001
8162205;6001
8162487;15039
8162605;12016
8162623;6001
8162630;6001
8163264;6001
8163298;15039
8163300;15039
8164834;15039
8164863;15039
8164963;15039
8164977;15039
8164993;15039
8164995;15039
8165047;15039
8165052;15039
8165061;15039
8165063;15039
8165070;15039
8165072;15039
8165079;15039
8165086;15039
8166331;6001
8166358;6001
126510;4002
126526;4002
126527;4002
126577;4002
126579;4002
126580;4002
126594;4002
126596;4002
126643;4002
126643;4004
126645;4004
126645;4002
126646;4002
126646;4004
126662;4002
126677;4003
126679;4003
126680;4003
126694;4004
126695;4004
126695;4002
126696;4004
126878;1004
126946;1020
129554;1020
130656;4002
130658;4002
132075;4002
132078;4002
146081;4004
146082;4004
146113;15035
146113;15008
146115;15008
146115;15035
146116;15039
148286;8002
149859;4002
150576;4002
152333;1020
152333;1001
153186;1001
153686;1001
153686;1020
154018;6001
154018;12011
154137;8001
286886;15025
287016;15025
287101;15025
289976;4002
291144;4002
291164;4002
293552;4002
310498;15025
365231;13006
381930;4002
424896;3032
424964;3033
424978;1020
424979;1001
425062;12011
425180;1001
426399;15039
427570;15039
427653;15039
428370;15039
428958;1020
428958;1001
429642;1004
430643;8002
433537;1001
435658;1001
435658;1004
435658;1020
436359;1004
437865;1001
437865;1020
437866;1020
437866;1001
437999;5008
438000;5008
439704;15039
439986;15035
441206;8002
441209;5008
441224;1001
441257;1001
441258;1001
441358;1020
441443;1001
441490;1001
2866602;1001
2866619;1001
2866622;1001
2866636;1020
2878503;12023
2981969;4004
2981969;4002
2981969;4003
3000753;4002
3000754;4002
3000839;4002
3000839;4004
3001089;4002
3001091;4002
3001258;12011
3006152;1020
3006152;1001
3006153;1020
3015412;15020
3021627;12011
3030302;16008
3093274;8005
3120416;15022
3122423;15022
3122539;12023
3122574;1004
3122722;12038
3124478;1004
3124727;12011
3124760;12011
3124760;12038
3124761;12011
3124794;12011
3124794;12038
3124794;8001
3203928;10005
3203996;13003
3204110;1001
3204110;1020
3204111;1020
3204111;1001
3204113;1001
3204113;1020
3204114;1020
3204114;1001
3204127;1001
3204127;1020
3204145;1020
3204145;1001
3204311;1020
3204312;1020
3204313;1020
3204331;1020
3204345;1004
3204346;1004
3204478;1020
3204514;1004
3204515;1004
3204548;1019
3204563;1001
3205046;1001
3205046;1020
3205047;1020
3205047;1001
3205167;1016
3205167;1020
3205167;8002
3205247;1020
3205247;1019
3205247;1001
3210865;1020
3211266;1019
3211266;1006
3211316;1016
3211316;1020
3225135;1020
3225135;1001
3225136;1020
3236935;1020
3236952;1020
3243904;1020
3243904;1001
6434580;12011
6434582;12011
6435450;12004
6435450;12006
6435452;15033
6435452;15035
6435700;12011
6435701;12011
6435717;1001
6435717;1016
6436437;1020
6436687;12011
6436689;12011
6436703;12011
6436738;12011
6436753;12011
6436756;12011
6436971;1021
6436973;1001
6437256;12011
6437257;12011
6437257;6001
6437273;1020
6437471;1001
6437471;6001
6437689;1022
6437692;1027
6437826;1022
6437940;1022
6439478;1020
6439480;1020
6440433;1020
6440433;1001
6524645;15039
6524645;15022
6524778;15039
6524781;15039
6524795;15039
6526100;12011
6526866;6001
6526868;6001
6526869;6001
6527086;6001
6527086;8002
6527538;12002
6531447;6001
6531447;12011
6532232;15039
6532233;15039
6532266;15039
6532267;15039
6532281;8007
6532282;8007
6532283;8007
6532284;8007
6532499;15039
6532501;15039
6532502;15039
6532515;15039
6532534;15039
6532551;15039
6532599;8007
6532599;12038
6533604;12023
6533839;12036
6533972;15039
6534173;12036
6535426;1027
6535825;1027
6535843;1027
6536043;1022
6536326;15022
6536329;1022
6536779;12011
6536846;1001
6536879;13012
6537096;4005
6537198;1001
6537614;15022
6538450;13003
6546169;4002
6546170;4002
6546974;12011
6551336;1022
8018673;12011
8018673;6001
8018675;6001
8018739;8001
8018740;6001
8018741;6001
8019442;6001
8019442;8001
8019443;8002
8020862;6001
8020863;6001
8020864;6001
8047835;6001
8048304;6001
8048304;8002
8048305;8002
8048305;6001
8096050;1004
8096051;1004
8102068;6001
8123609;1014
8123609;7009
8123609;7014
8123610;4002
8154495;4002
8154496;4002
8154762;4002
8154763;4002
8154779;4002
8154780;4002
8154796;4002
8155749;8005
8157804;12013
8159393;15039
8159394;15039
8159543;6001
8159692;12011
8159808;12011
8159808;6001
8159808;8001
8161466;16003
8162199;6001
8162201;6001
8162282;6001
8162284;6001
8162384;4002
8162483;15039
8162484;15039
8162485;15039
8162617;6001
8162619;6001
8162783;12013
8164858;15039
8164889;15039
8164907;6001
8164909;6001
8164973;15039
8164975;15039
8164992;15039
8165056;15039
8165058;15039
8165059;15039
8165073;15039
8165075;15039
8165076;15039
8165089;15039
8165090;15039
8165092;15039
8165625;14009
8165677;15039
8168484;3032
8169234;1004
8169235;1004
8169237;1004
8169284;1004
8169368;1004
8169518;1004
8169520;1004
8169521;1004
8169956;15039
8170004;6001
8170004;12011
146086;4004
148876;1001
150498;4002
150546;4002
152086;1020
152086;1001
152379;1001
152379;1020
152470;1001
152604;1001
152697;1001
153681;1001
153715;12002
153942;4002
153947;4002
154015;12011
154017;12011
287015;15025
287029;15025
287031;15025
287038;15025
287063;15025
287088;15025
287097;15025
287099;15025
289980;4002
290014;4002
290071;4002
291068;4002
291082;4002
291084;4002
291093;4002
291148;4002
334327;1001
338164;1020
372956;1004
380353;4002
382107;1004
424991;3032
425125;1001
425536;8001
425668;12011
426011;12011
427349;12011
427349;12016
428410;12011
428410;12038
428410;8001
428519;1001
428519;1020
429553;15022
430239;16003
431118;1020
431118;8002
431118;1004
431434;15035
431436;4002
432529;1001
432529;1016
432529;1020
432695;1016
432695;1001
432940;8001
432940;12011
432940;12016
433006;15039
433031;1016
433031;1004
433515;12011
434192;15039
434242;16003
435062;12011
435330;12011
436073;12011
437268;1004
437868;1001
437868;1020
439706;15039
439881;16003
440210;1003
440233;15039
441360;1001
441369;1001
441369;1020
2866090;4002
2866574;1001
2866631;1001
2866667;1001
2866674;1001
2981849;8003
2981865;8007
2981947;15039
2999397;12038
2999531;1020
3000742;12011
3000742;8005
3000751;4002
3001092;4002
3001262;12036
3001269;1020
3015493;5004
3018049;13003
3021784;8005
3030149;15039
3094459;15039
3096288;15039
3122526;15020
3122719;12038
3124732;12011
3202405;13003
3202410;13003
3203925;13003
3204016;15022
3204107;1020
3204107;1001
3204116;1001
3204116;1020
3204300;1020
3204309;1020
3204357;1004
3204375;1004
3204375;1016
3204375;1020
3204375;1001
3204477;12011
3204482;1020
3204486;12011
3204509;1004
3204511;1020
3204511;1001
3204511;1021
3204511;1016
3204525;12011
3204661;8002
3204661;1004
3204661;1020
3204666;1020
3204666;1004
3204666;8002
3205059;12011
3205093;1001
3205104;1001
3205104;1020
3205104;1016
3210636;1020
3213749;1001
3236958;1001
3237917;1001
3237917;1020
3237917;1016
3237919;1020
3243808;1020
3243808;1001
3243808;1016
3243899;1016
3243899;1019
3243899;1001
3243899;1020
6434586;12011
6434609;1020
6434609;1001
6434611;1001
6434611;1020
6435456;15035
6435456;15033
6435465;12016
6435690;12011
6435699;12011
6435963;12016
6436440;1020
6436440;1001
6436683;12011
6436690;12011
6436690;12038
6436692;12011
6436740;12011
6436742;12011
6436760;12011
6437251;12011
6437260;12011
6437260;6001
6437262;12011
6437262;12016
6437276;1021
6437276;1004
6437469;6001
6437469;1001
6437469;1020
6437946;1020
6438378;1020
6438378;1001
6438387;1001
6438387;1020
6439180;6001
6439484;1020
6440050;1020
6440059;1004
6440818;1020
6440818;1001
6440820;1020
6524659;1001
6524673;6001
6524698;6001
6524707;6001
6524709;6001
6524793;15039
6526690;6001
6526697;6001
6526704;6001
6526706;6001
6526856;6001
6526856;12011
6526863;6001
6526865;6001
6527081;12011
6527083;12011
6527540;12002
6531291;15039
6531327;12011
6532236;15039
6532238;15039
6532495;15039
6532504;15039
6532513;15039
6532556;15039
6533842;12036
6534158;12036
6534176;12036
6534176;12013
6535403;1027
6535453;15039
6535455;1022
6535655;1027
6535807;1027
6535839;1022
6535882;1022
6536057;1022
6537818;15039
6538277;13003
6538436;13003
6538452;13003
6538656;6001
6545365;1020
6546165;4002
6546167;4002
6546508;12013
6546976;8001
6546985;8001
6546996;8001
6546996;12011
6551842;1027
8018676;6001
8018678;6001
8018742;6001
8018742;8005
8018744;6001
8018744;12011
8019414;6001
8019446;8002
8020866;6001
8020882;6001
8020884;6001
8028636;6001
8028636;12011
8047824;12011
8047824;6001
8047833;6001
8048301;6001
8048301;8002
8048308;8002
8048308;6001
8096056;1004
8097090;4002
8097092;4002
8123632;6001
8123632;12011
8154498;4002
8154816;4002
8155895;16003
8158485;15039
8159571;12038
8159628;6001
8159755;12011
8159755;8001
8159857;8002
8159857;12038
8161643;6001
8162202;6001
8162204;6001
8162238;12023
8162413;8001
8162481;15039
8162488;15039
8162620;6001
8162622;6001
8162631;6001
8162874;6001
8164835;15039
8164969;15039
8164978;15039
8164980;15039
8165053;15039
8165055;15039
8165062;15039
8165069;15039
8165078;15039
8165085;15039
8165087;15039
8166323;6001
8168645;15039
8168647;15039
8169231;1004
8169238;1004
8169240;1004
8169258;1004
8169272;1004
8169274;1004
8169297;1004
8169338;1004
8169458;1004
8169958;15039
8170194;15039
8170558;6001
8170558;12038
8170619;12011
8170717;12011
8170717;12016
8170726;12016
8170726;8001
8170728;8001
8170742;15039
8170744;15039
8270768;6001
8270775;6001
8270777;6001
8270777;12011
8270777;12038
8272747;12038
8272747;6001
8272749;6001
8272743;12011
8272743;8001
8272743;12038
8272744;12011
8272746;8002
8780603;6001
9838301;6001
9838302;12011
11025639;12011
11025639;6001
11028512;6001
11028513;6001
11028513;8001
11028513;12038
11028513;12011
11028746;15039
11028747;15039
11028748;15039
11028749;8002
11028812;6001
11028812;12011
11029199;16001
11029200;16003
11029600;12016
11029600;6001
11029614;6001
11029615;12011
11029617;12011
11029617;6001
11029618;8001
11033393;15039
11034046;15031
11034046;15025
11034280;12023
11035096;12018
11035099;12018
11035113;12018
11035114;12018
11035115;12018
11035116;12018
11036636;13006
11038841;6001
11038843;8007
11038857;6001
11040128;8001
11040128;12011
11040129;12011
11040129;8001
11040130;6001
11040130;12011
11040862;12038
11040863;12038
11040864;12038
11041113;15039
11041116;15039
11042318;8001
11042318;12011
11042383;12011
11042386;12011
11042386;6001
11042519;6001
11043002;12011
11043003;12011
11043004;12011
11043285;6001
11043738;15039
11046428;8007
11046497;14009
11046531;12011
11046594;6001
11046746;12011
11046763;12038
11046781;8001
11046781;12011
11046830;12011
11046830;12038
11046831;4002
11046831;4004
11048650;12016
11048650;12038
11048650;8001
11048652;12038
11048652;6001
11048702;12038
11048735;4002
11048735;4004
11048736;4004
11048736;4002
11048750;4002
11048750;4004
11048752;4004
11048752;4002
11049253;4002
11049552;12011
11049840;6001
11053265;1020
11055138;15018
11079301;4005
11079404;15039
11079452;15039
11080188;15039
11121617;15039
11124474;15039
441;1020
573;4002
610;4004
610;4002
825;15039
1543;4002
1895;15039
2396;4002
2528;15012
2714;1001
2748;4002
2997;4002
3919;12023
4085;15039
4268;4002
4334;1004
4334;1026
4437;4002
4669;8005
4935;15039
5319;4002
5439;15039
5456;15039
5488;4002
6172;15039
6690;8001
6690;12011
6793;1001
6793;1020
6859;4004
6859;4002
7643;4002
7692;1001
7692;1016
7692;1020
8144;6001
8430;1001
8931;4002
9166;6001
9398;1001
9481;4004
9481;4002
9501;4002
10955;4002
11905;4002
12489;4002
12509;15039
12841;1026
12841;1004
12959;13003
13425;15035
13425;15008
13445;4002
14227;15022
14227;15039
14695;4003
15098;4003
15366;4002
15581;12013
15798;6001
16099;4004
16099;4003
16099;4002
16119;13003
16568;4002
16817;1001
16903;4002
17152;4002
17152;4004
17152;4003
17670;4004
17670;4002
17839;4002
17871;4003
18606;4002
18675;4002
18824;4003
18824;4004
18891;4003
18975;4003
19076;6001
19176;4002
19744;4003
19744;4002
19794;12013
19844;4002
19928;4002
19944;4002
20145;4002
20180;4002
20313;4002
20514;4002
20528;4002
20646;4002
20714;4002
20730;12011
20798;4002
20949;4002
20963;4002
20996;4002
21046;4002
21182;4002
21233;4002
21366;15039
21398;4002
21398;4003
21415;4002
21430;4002
21430;4003
21450;4002
21464;4002
21500;14009
21514;4002
21564;4002
21583;4002
21614;4002
21800;4003
21915;4002
22033;4004
22033;4003
22035;4002
22116;4002
22150;15039
22183;4002
22199;4003
22250;4002
22570;4002
22570;4003
22651;4002
22651;4004
22718;4002
22767;4002
22820;15039
22852;4002
22886;4002
22968;4002
23003;6001
23185;4002
23188;4002
23272;6001
23385;4002
23402;4002
23503;4002
23519;4002
23672;4002
23736;4002
23823;4002
24107;4002
24425;4003
24440;4002
24474;13003
24523;1001
24523;1020
24523;1004
24607;4002
24672;4002
24840;4002
25007;4002
25210;6001
25227;4002
25227;4004
25324;4002
25376;6001
25442;4002
25475;4002
25510;4002
25558;4002
25760;4002
25893;4002
25977;6001
26043;15039
26129;4003
26163;4002
26213;4002
26311;4002
26528;4003
26611;4002
26898;4002
26928;4003
26930;4003
27047;4002
27400;4002
27433;4002
27449;4002
27480;12011
27483;4002
27549;4002
27697;4002
28149;4002
28584;4002
28817;4002
28817;4003
29372;4003
29372;4004
29503;4003
29572;15035
29586;4003
29587;4005
29621;6001
29621;12016
29621;12011
29804;6001
30205;12011
30205;6001
30388;4002
30474;4002
30474;4003
30539;4003
30792;6001
31510;13003
31510;15037
31559;12011
31559;6001
31559;12038
31593;4003
31593;4004
31593;4002
31708;4002
31976;4003
32512;6001
32813;15039
33099;4002
33113;4002
33113;4004
33113;4003
33165;13003
33262;4002
33262;4004
33565;4003
33614;4002
33783;4002
33831;4003
33884;4003
34350;4002
34486;4003
35037;4002
35037;4003
35037;4004
35220;15039
35337;4005
35552;4003
35555;4002
35622;4003
35855;4003
35987;6001
36056;4002
36087;6001
36505;1016
36505;1001
36505;1020
36655;4003
36691;12011
36740;4004
36740;4002
36740;4003
37190;4003
37742;1001
37742;6001
37777;4003
37793;12011
38177;6001
38177;8001
38177;12011
38277;12011
38312;4003
38343;6001
38480;6001
38730;4003
38795;12011
38948;4003
39229;4003
39282;4002
39282;4004
39366;4003
39700;4002
39747;4003
39901;4003
40032;6001
40083;4002
40115;4002
40968;1004
41051;4002
41171;1004
41220;1001
41354;6001
41437;4002
41520;4002
41704;4002
41739;4002
41856;4002
41972;4002
41972;4003
41990;15039
42004;4002
42354;4002
42391;4003
42405;4002
42588;4003
42742;4002
42957;15039
42975;4002
43109;4003
43109;4002
43291;4002
43375;4002
43392;4003
43427;4002
43476;4002
43507;4002
43507;4003
43975;4002
44193;4002
44227;4002
44462;4002
44480;1020
44529;4002
44795;4002
44931;4002
45130;4002
45147;4004
45615;4002
45648;15039
45781;4002
45865;4002
45881;4002
45881;4003
45949;4002
45983;4002
46101;4002
46115;4002
46183;4002
46201;4002
46332;15039
46349;4002
46784;4002
46802;4002
46867;16007
46919;4004
46919;4002
46950;1020
47003;4002
47520;4002
47686;4002
48055;4002
48055;4004
48087;15039
48106;4002
48120;4002
48154;4002
48522;15018
48706;4002
48740;4002
48891;12011
48891;6001
48991;1012
49058;4002
49241;4002
49306;6001
49392;6001
49442;4002
49525;4002
49828;4002
49961;4002
50410;4002
50479;4002
50580;12011
50677;4002
50677;4004
50778;4002
50780;6001
50878;4002
50911;4002
50911;4003
50944;4002
50946;15039
51096;4002
51145;4003
51230;3032
51232;4003
51232;4002
51247;4002
51296;4003
51432;4002
51549;4002
51647;4002
51781;4002
51798;4002
51833;4002
51965;1020
52014;12013
52017;1001
52032;4002
52184;4002
52283;4004
52283;4002
52348;4002
52399;4002
52499;4002
52850;4002
52883;4002
53051;4002
53605;4002
53668;4002
53820;4004
53820;4002
53820;4003
54005;4002
55490;4002
55558;15039
55592;4002
55691;4002
55827;4002
55908;4002
55943;4002
55944;4002
55960;4002
57730;12018
57730;12021
58300;13003
60673;16001
65336;1001
65336;1020
65485;15039
65536;15039
65602;15039
65668;15036
92561;4002
119986;6001
120003;6001
120017;6001
120020;6001
120037;6001
120069;6001
120100;6001
120103;6001
126269;1001
126418;4003
126419;4003
126420;4003
126421;4003
126434;4003
126435;4003
126435;4004
126436;4003
126437;4003
126451;4003
126452;4003
126453;4003
126454;4003
126468;4003
126469;4003
126470;4003
126485;4003
126486;4003
126487;4003
126488;4003
126518;4003
126519;4003
126520;4003
126521;4003
126535;4003
126536;4003
126551;4003
126552;4003
126554;4003
126602;4003
126603;4003
126604;4004
126604;4002
126604;4003
126605;4003
132051;4002
153044;1001
153110;1020
153943;4002
153946;4002
154112;1001
287093;15025
291086;4002
291103;4002
293528;4002
310539;15025
338033;1004
372829;12013
373147;15039
424668;6001
424669;6001
426008;4004
426008;4002
426257;15039
427227;15039
429684;6001
435500;6001
435517;15039
435651;6001
436351;6001
436353;6001
436635;6001
437738;6001
439610;1001
439610;1005
439610;1006
441216;1001
525094;1012
1451135;1004
1451135;1020
2866128;6001
2981861;6001
2981862;6001
2981863;8007
2981943;15039
2981946;15039
2998943;4002
3008184;4002
3017878;15039
3021786;4002
3021787;4002
3028806;4002
3083288;6001
3083291;6001
3083305;6001
3093736;6001
3108089;6001
3122378;6001
3122380;6001
3122381;6001
3122395;6001
3122396;6001
3122397;6001
3122647;12011
3122712;6001
3122713;6001
3122714;6001
3122715;6001
3122716;6001
3124402;6001
3124417;6001
3124484;6001
3124551;6001
3124552;6001
3124553;6001
3124636;15022
3204304;1020
3204571;4002
3204590;12016
3204590;12011
3204590;8001
3204590;6001
3211457;1001
6434607;1001
6434607;1021
6435477;1001
6435692;12011
6436681;6001
6436745;12011
6436747;6001
6436748;12011
6437464;1006
6437464;1020
6524703;12038
6524703;6001
6527076;6001
6527076;12038
6527076;8001
6527076;12016
6535886;1022
6546981;8001
6546998;8001
6552411;8001
6552411;6001
8047759;15039
8123634;6001
8123637;6001
8154769;4002
8156661;8002
8157795;12036
8157795;2021
8158482;15039
8162206;6001
8162624;6001
8162641;6001
8162675;8002
8162678;8002
8163179;15039
8163179;15022
8163262;6001
8164982;15039
8165048;15039
8165051;15039
8165065;15039
8166319;6001
8169262;1004
8169276;1004
8169528;1004
8170716;12016
8170747;15039
8270790;1004
8272745;6001
8272745;12011
8272745;12038
8780601;6001
11025640;14009
11026141;15039
11028511;6001
11028514;6001
11028514;12038
11028514;8001
11028514;12004
11028514;12011
11028797;12011
11028797;6001
11029367;16003
11030303;6001
11038856;8007
11038856;12038
11040127;8001
11040127;12011
11040662;12011
11040662;8001
11041180;15039
11042903;12011
11043018;12011
11043287;6001
11046427;8007
11046430;8007
11046481;14009
11046513;14009
11046596;12038
11046765;8001
11046845;8001
11046845;6001
11046845;12011
11048651;12038
11048651;8001
11048651;6001
11048651;12011
11048734;4004
11048734;4002
11048737;4004
11048737;4002
11048751;4002
11048751;4004
11049255;4002
11094880;15025
11094963;15025
11126833;15039
8168648;15039
8169223;4005
8169232;1004
8169257;1004
8169275;1004
8169280;1004
8169341;1004
8169959;15039
8170559;12011
8170559;6001
8170568;15035
8170575;12011
8170745;15039
8270769;6001
8270769;12038
8270778;6001
8270778;12011
8270783;8003
8272741;8005
8272741;12011
8272741;6001
8272750;6001
8272750;8002
9480810;6001
11025124;6001
11025649;6001
11025649;12038
11025649;12011
11025960;6001
11027396;6001
11028750;15039
11028795;6001
11028795;12011
11028811;12011
11028811;6001
11028959;16003
11028961;16003
11034039;15031
11034039;15025
11035093;12021
11035093;12018
11035095;12018
11035102;12018
11035104;12018
11035636;5005
11035636;12036
11036465;12023
11038846;8007
11038855;8007
11040391;8005
11040861;12038
11041118;15039
11041711;12011
11042186;15039
11042390;12016
11042390;8001
11042522;12038
11042522;6001
11042897;12011
11042899;12011
11043008;12011
11043017;12011
11043276;6001
11046432;8002
11046498;14009
11046523;12011
11046523;6001
11046525;6001
11046525;12011
11046548;12038
11046582;8002
11046757;8001
11046766;8001
11046766;12011
11046832;12011
11046832;8001
11048722;4002
11048722;4004
11048724;4004
11048724;4002
11048729;6001
11048733;4002
11048733;4004
11048738;4004
11048738;4002
11048747;4002
11048747;4004
11048749;4004
11048749;4002
11048958;5014
11049242;4002
11049247;4002
11049251;4002
11049256;4002
11049551;12011
11058493;3029
11058557;15018
11078945;13006
11087344;15025
11087369;15025
11122306;12023
11124473;15039
11125850;15039
11125852;15039
1237;4002
1291;6001
1314;15039
1323;4002
1323;4004
1446;4004
1446;4002
2159;4002
2359;4002
2511;8002
2625;1020
2800;15039
2861;3006
2943;4002
2943;4004
3352;4004
3352;4002
3418;1001
3504;1020
3518;16003
3736;4002
4188;4002
4288;4002
4858;6001
5485;4003
5542;6001
5585;6001
5599;6001
5808;15039
6026;15039
6312;1020
6312;1001
6312;1016
6621;4002
6919;1004
7305;1004
7348;4002
7371;4002
7666;12011
7666;6001
7941;4003
8768;4002
9395;1001
9461;4002
9827;12018
9827;13003
10231;4002
10683;4002
11224;4002
11376;16003
11676;4002
11851;15039
12037;4002
12037;4004
12312;4002
12335;4004
12555;15022
12555;15039
12973;4002
13371;4004
13371;4003
13437;6001
14184;15039
14241;1020
14241;1001
14791;4002
14850;4003
15011;12038
15429;4002
15443;4002
15704;4003
15704;4004
15804;4002
16265;4002
16313;4003
16474;4002
16622;4003
16622;4002
16649;4002
16865;4002
16892;15039
17081;4002
17117;4002
17124;4002
17124;4003
17215;4002
17281;6001
17324;4002
17390;1020
17424;7006
17490;4002
17674;4002
17676;4002
17701;4002
17726;4002
17733;3033
18108;15039
18128;4002
18153;4002
18353;4002
18396;4002
18555;12011
18555;6001
18555;8007
18580;4002
18605;4002
18637;4002
18644;4002
18678;4002
19073;1001
19505;15039
19739;4002
19746;4003
19755;4002
19757;4003
19791;4002
19923;4002
20014;4002
20248;4002
20289;4002
20318;4002
20432;4002
20432;4003
20500;4003
20602;4002
20609;4002
20675;4003
20677;4002
20716;6001
20716;12011
20791;4002
20841;4002
21045;1004
21220;4004
21254;15039
21295;4002
21343;4003
21420;13003
21459;4002
21468;4002
21493;4002
21529;4002
21627;4002
21645;4002
21693;4002
21695;4002
21736;4002
21736;4003
21761;4002
21761;4004
21761;4003
21763;4002
21786;4003
21888;4002
21961;4002
22095;4002
22147;6001
22179;4002
22497;4002
22579;4002
22588;4002
22656;4002
22679;4002
22708;4002
22747;4002
22790;4002
22883;12011
22883;12038
22963;4002
22981;4002
22983;4002
23147;4002
23183;4002
23381;4004
23381;4003
23517;4003
23610;4002
23694;4003
23694;4002
24053;4002
24126;4002
24235;4002
24237;15037
24421;4002
24496;4002
24512;4002
24535;4002
24562;4002
24571;4002
24685;4002
24703;4002
24760;4002
24769;1001
24769;1020
24769;1021
25012;4002
25103;4002
25178;4002
25178;4003
25196;13001
25364;4002
25446;4002
25632;4002
25662;4002
25773;4002
25841;4002
25989;4002
26184;4002
26507;4002
26507;4004
26666;4002
26727;4002
26727;4004
26750;13003
27002;3012
27252;4002
27270;4002
27320;4002
27368;16003
27452;4002
27493;4002
27543;15039
27559;4002
27588;4002
27679;4003
27754;4002
27963;4002
28104;12011
28254;4002
28261;3029
28629;4002
28640;4002
28640;4003
28665;1004
28940;4002
28983;4003
8272749;8002
9480816;6001
9838305;12011
11023996;12011
11023998;6001
11025125;8002
11025132;8001
11025132;6001
11025132;12011
11025636;14009
11028317;12038
11028510;6001
11028810;6001
11028810;12011
11029194;6001
11029196;6001
11029603;6001
11029603;12011
11029612;12011
11029612;6001
11030296;8001
11030296;12016
11030305;6001
11035094;12018
11035094;12021
11035101;12018
11035101;12027
11035117;12018
11035637;12036
11036180;12036
11036180;5005
11036187;12036
11036187;12013
11038845;8007
11038854;6001
11040131;12038
11040133;8001
11040133;6001
11040133;12016
11040385;8005
11040392;8005
11040674;8001
11040867;12011
11040869;12011
11041119;15039
11041187;15039
11042323;12011
11042323;8001
11042323;6001
11042387;6001
11042387;8001
11042387;12011
11042521;8002
11042898;12011
11042900;12011
11043005;12011
11043007;12011
11043014;12011
11043016;12011
11043289;6001
11043291;6001
11046426;8007
11046483;14009
11046540;12038
11046640;6001
11046674;12016
11046833;12038
11046844;12011
11046851;12011
11046860;12011
11046860;8001
11048641;15022
11048730;4002
11048730;4004
11048732;4004
11048732;4002
11048739;4002
11048739;4004
11048741;4004
11048741;4002
11048746;4002
11048746;4004
11048748;4004
11048748;4002
11049248;4002
11049250;4002
11049257;4002
11049259;4002
11049852;6001
11054782;15009
11056077;12006
11056077;12004
11056077;12038
11056077;12023
11078937;13005
11079455;15039
11099552;15039
11100047;12023
11126835;15039
879;15039
988;15039
1165;1001
1374;15039
1449;4002
1449;4004
1999;1001
2090;15039
2485;15036
2717;12023
3144;1001
3226;15039
3226;15022
3278;15039
3378;15039
3610;1004
4214;15018
4600;12011
4966;1001
5066;1001
5107;15039
5141;15039
5250;4002
5250;4004
5668;1020
5668;1004
5668;1021
5800;1004
5820;1020
5820;1001
6295;4002
6461;4002
6527;16003
6713;6001
6747;4002
7231;12013
7354;15039
7399;1001
7749;1004
8201;12023
8365;1001
8499;4002
8742;4002
8803;1001
8828;6001
8908;1001
9346;15039
9421;4002
9730;16003
9853;4004
9853;4002
10414;4002
10523;4002
11107;6001
11559;4003
11559;4004
11702;4002
11759;4002
12243;1001
12243;1020
12259;3012
12452;4002
12827;1020
12979;6001
12979;12038
12979;12011
13111;2021
13195;1001
13715;4003
13958;4002
14124;4002
14258;4002
14310;4002
14342;1001
15344;4003
15719;3012
15721;4002
15735;4002
15987;4004
16030;4002
16437;4003
16614;1004
16716;4002
16800;15039
16855;4002
16882;4002
16923;6001
16980;4002
17009;4003
17293;4002
17368;4002
17441;16003
17443;4003
17450;4004
17450;4002
17473;4002
17473;4004
17591;4002
17607;13003
17727;4002
17741;4002
17925;1020
17925;1001
17945;15039
18025;4002
18077;4002
18109;4002
18200;4002
18202;4002
18327;4002
18359;4002
18411;4002
18411;4003
18493;4002
18518;4002
18577;4002
18611;4003
18627;4002
18718;4002
18822;4002
18886;4002
18986;4002
19013;4002
19088;4003
19095;4002
19247;4002
19256;1020
19270;4002
19338;4002
19429;4003
19613;4002
19749;4002
19763;15035
19865;4002
20265;4003
20324;6001
20324;12011
20401;1004
20442;4002
20467;16007
20490;4002
20490;4004
20490;4003
20526;4002
20567;13003
20658;4002
20733;4002
20810;4002
20858;4002
20992;4002
21019;4002
21335;4002
21494;4002
21728;4002
21778;4002
21805;4003
21839;4003
21869;4002
21894;4002
21912;4002
21914;4002
22014;4002
22014;4003
22069;4002
22439;4002
22546;4002
22546;4003
22555;4003
22555;4002
22714;4002
22864;4002
22875;4002
22925;1001
23064;4002
23098;2021
23107;1001
23123;4002
23134;4002
23359;4003
23423;4002
23550;4002
23650;4002
23782;4002
23836;15039
23968;4002
23984;4002
24061;4002
24152;4002
24152;4003
24436;4003
24518;4002
24611;4002
24679;4002
24729;12011
24738;12011
24738;8005
24738;6001
24768;4003
24770;1001
25029;4002
25113;4002
25122;4002
25129;4003
25179;4002
25240;4002
25254;4002
25520;4002
25520;4003
25565;13003
25863;4002
25940;1001
25999;4002
26072;4002
26074;4002
26415;6001
26424;4002
26465;4002
26551;4002
26690;15035
26899;4002
26933;1020
27003;4002
27092;4002
27317;12011
27317;6001
27342;4002
27462;4002
27510;4003
27603;6001
27603;12011
27635;4003
27635;4002
27660;6001
27705;4002
28069;4002
28144;13003
28303;4002
28371;4002
28573;1020
28573;1001
28682;16002
28798;4002
28900;4002
28914;4002
28980;4002
29066;6001
29080;15035
29157;12011
29475;4002
29532;4002
29718;4002
29718;4004
29784;4003
29868;1001
29993;12011
30354;6001
30434;4002
30820;4003
30829;6001
30863;4002
30872;4002
30938;4003
31079;4003
31127;4002
31127;4004
31588;4003
31731;4003
31799;4002
32222;4003
32347;4003
32426;4002
32558;4002
32581;4002
32710;4003
33110;4002
33385;4002
33560;6001
33737;4002
33760;4002
33803;4002
33894;4003
33996;4003
34144;4002
34221;12011
34221;12003
34287;4002
34387;15039
34471;4003
34573;4002
34896;4003
35432;4004
35432;4003
35475;13003
36077;4003
36118;4003
36754;4002
37086;4002
37347;16007
37490;12011
37622;1001
37656;4003
37663;4003
37679;4004
37679;4002
37747;1001
38097;12011
38174;15018
38197;4004
38197;4002
38249;4003
38306;4002
38656;4003
38758;3005
38992;4003
39226;4003
39408;4002
39419;4003
39528;4003
39896;4003
40255;4003
40364;4002
40662;1001
40730;4002
41375;4003
41823;4002
41834;4002
42082;4002
42275;2021
42316;4002
42484;1001
42552;4002
42645;4003
42645;4002
42645;4004
42668;1001
42811;4004
42811;4003
43061;1001
43077;4002
43281;1001
43322;4002
43329;4002
43665;4002
43713;4002
43715;4002
43729;1001
43756;4002
44006;4002
44108;6001
44156;1001
44208;4002
44247;4003
44524;4003
44524;4002
44615;4002
44701;4003
44792;1020
44858;4002
44901;15039
45024;16007
45135;4002
45233;1004
45251;4002
45258;4003
45269;4002
45283;4002
45619;12011
45619;12038
45760;4002
45828;4004
45828;4002
45828;4003
46364;4002
46421;13003
46562;4002
46678;4002
46830;15039
46832;4002
46898;4002
47032;4002
47066;4002
47348;1004
47459;4002
47523;4002
47918;1001
47918;1020
47923;4002
48150;12011
48175;4002
48175;4003
48216;4002
48534;1001
48577;4002
48727;1001
48802;4002
48845;1020
48845;1004
48963;4002
48970;4002
49004;1001
49118;4002
49263;4004
49263;4002
49320;1001
49395;1001
49422;4002
49647;1020
49722;4002
49747;4002
49815;4002
49847;4002
49865;4002
49915;4002
49956;15039
49979;12011
50072;4002
50247;4002
50340;4002
50392;4002
50456;4002
50467;4002
50597;15039
50606;1020
50606;1001
50831;4002
50899;4002
50935;15039
50949;6001
50960;4002
51533;1004
51685;16007
51826;4002
51937;1004
52194;6001
52260;15039
52280;4002
52344;1001
52428;4002
52780;1001
53230;4003
53425;15004
53514;4002
53743;6001
53759;3012
53900;15039
54018;1001
54018;1020
54034;4002
55211;4002
55320;12009
55481;4002
55547;4002
55740;4002
55781;15039
55840;4002
56165;4002
56222;4002
56442;1001
56708;4002
58094;13003
58346;8005
60677;1001
62926;1001
63017;1001
63017;1020
65221;13003
65332;1001
65482;1020
65516;15039
65539;15039
65548;15039
65605;15039
65639;15039
65714;13003
65857;12038
65857;8007
119980;6001
120046;6001
120057;6001
120066;6001
120116;6001
120223;6001
120257;6001
125848;4002
126264;1001
126266;1001
126389;12011
126416;4003
126423;4003
126430;4003
126432;4003
126439;4003
126448;4003
126450;4003
126455;4003
126459;4003
126464;4003
126466;4003
126473;4003
126480;4003
126482;4003
126489;4003
126489;4004
126498;4003
126516;4003
126523;4003
126525;4003
126532;4003
126534;4003
126541;4004
126541;4002
126541;4003
126557;4003
126575;4002
126584;4002
126598;4002
126600;4003
126664;4002
126664;4004
126675;4003
126873;1004
126952;1001
126966;1001
150557;4002
152861;1020
152861;1001
153322;1001
153322;1020
153688;1020
153949;4002
154015;6001
154017;6001
287090;15025
290030;4002
291123;4002
291166;4002
293499;4002
380303;4002
381900;4002
381966;4004
424666;6001
424673;6001
424900;8001
424900;6001
426011;6001
427256;1001
427256;1020
428083;6001
428083;5015
428083;12013
428083;12022
428369;15039
428410;6001
428767;16001
429096;6001
430307;12013
430639;15039
430857;4002
432488;13003
432695;6001
432840;1001
432840;1004
432940;6001
433515;6001
434369;6001
436798;6001
438113;12018
438577;1004
439447;1004
440969;6001
441362;1001
441485;12011
441485;13005
2998345;15036
3000749;4002
3006156;1027
3009473;4002
3009532;4002
3009557;4002
3028927;3029
3029361;4002
3029579;4002
3030942;12038
3070189;6001
3075296;6001
3083277;6001
3083286;6001
3093553;15039
3105378;6001
3105380;6001
3122374;6001
3122376;6001
3122383;6001
3122385;6001
3122392;6001
3122394;6001
3122578;1004
3122717;6001
3122719;6001
3122726;6001
3124416;6001
3124482;6001
3124498;6001
3124539;6001
3124541;6001
3124548;6001
3124550;6001
3124550;12038
3124730;6001
3124732;6001
3124759;12011
3124759;6001
3204109;1001
3204109;1020
3204118;1001
3204118;1020
3204298;1020
3204307;1020
3204327;1020
3204484;1020
3204516;1004
3205168;1001
3205168;1016
3205168;8002
3210870;1020
3210870;6001
6434584;12011
6435454;15033
6435454;15035
6435674;6001
6436683;6001
6436690;6001
6436708;12011
6436708;6001
6436740;6001
6436751;12011
6436751;6001
6436760;6001
6437258;12011
6437687;6001
6440429;1020
6440429;1001
6524700;6001
6526695;6001
6532497;15039
6532506;15039
6532520;15039
6532529;15039
6532597;8007
6533840;12022
6533840;12013
6533840;12036
6534160;12036
6535889;1027
6536041;1022
6536868;13003
6551690;1027
8019444;8002
8019444;12038
8028638;12011
8028638;8001
8047831;6001
8082618;3028
8097185;4002
8154500;4002
8155688;12011
8156547;16007
8157113;2021
8157792;5005
8157792;2021
8159687;6001
8162197;6001
8162486;15039
8162638;6001
8162704;6001
8164862;15039
8164962;15039
8164971;15039
8164985;15039
8164994;15039
8165028;6001
8165071;15039
8165080;15039
8168479;3012
8169456;1004
8169522;1004
8169542;1004
8170126;6001
8170126;12011
8170567;15035
8270770;6001
8270770;12038
8270784;12011
8270784;6001
11028803;12011
11028803;6001
11028817;6001
11028960;16003
11028969;6001
11029596;6001
11029596;12038
11029610;12011
11029610;12038
11029610;6001
11029619;6001
11035103;12018
11036180;2021
11038847;8007
11040390;8005
11041117;15039
11041710;12011
11043009;12011
11043284;6001
11046533;14009
11046842;12038
11048714;6001
11048723;4004
11048723;4002
11049550;12011
11049836;6001
11051788;15036
11053142;1020
11058501;3029
11087320;15025
11099554;15039
11121203;6001
8170004;12038
8170554;12011
8170571;15035
8170572;15003
8170572;15008
8170574;15008
8170574;15003
8170725;12016
8170725;8001
8170757;15039
8270779;12011
8270779;6001
8270780;6001
8270781;6001
8270782;6001
9480812;6001
9480813;6001
9480814;6001
9480815;6001
9838310;12011
9838311;12011
11025127;12011
11025127;6001
11025127;8001
11025128;8001
11025128;6001
11025128;12011
11025129;12011
11025129;6001
11025129;8001
11027186;12038
11028320;12038
11028320;6001
11028320;12011
11028321;12038
11028755;8001
11028805;6001
11028805;12011
11029191;16001
11030292;6001
11030946;6001
11033534;15039
11033888;1004
11035090;12018
11035105;12018
11035107;12018
11035108;12018
11036310;15039
11037063;15039
11038848;8007
11038849;8007
11038851;8007
11039067;6001
11039067;12011
11040386;8005
11040388;8005
11040389;8005
11040671;8001
11040672;8001
11040673;8001
11040872;12011
11041188;15039
11042324;12011
11042324;8001
11042324;6001
11042392;12011
11042393;12011
11042525;6001
11042526;6001
11042893;12011
11042894;12011
11042896;12011
11043010;12011
11043011;12011
11043013;12011
11043277;6001
11043279;6001
11043297;6001
11043297;12011
11046588;14009
11046672;12038
11048642;15022
11048643;15022
11048725;4002
11048725;4004
11048742;4004
11048742;4002
11048744;4002
11048744;4004
11048745;4004
11048745;4002
11048959;5009
11048962;5009
11049193;12011
11049193;12016
11049193;12004
11049243;4002
11049244;4002
11049245;4002
11049260;4002
11054659;12009
11094801;15025
11119020;15039
550;4002
750;4002
919;15039
1220;4002
1417;1020
1417;1004
1417;1021
1618;4002
1718;4002
1821;15039
1921;4002
2053;12013
2837;15039
2874;15039
3192;15018
3258;1001
3309;15020
3773;15039
3776;1004
3776;1020
3925;15008
3925;15035
4394;6001
4509;15039
4812;4004
4812;4002
5196;1004
5196;1020
5313;15022
5579;15039
5748;1020
5831;4004
5831;4002
5966;1020
5966;1001
6481;4003
6667;3010
6716;6001
7451;4004
7451;4003
7517;4002
7517;4004
7669;8005
7838;4002
7869;4002
8270;12011
8605;4002
9040;1001
9040;1020
9289;4002
9741;1020
10391;4004
10391;4002
10391;4003
11061;4003
11565;4002
11645;15039
11731;6001
11746;3012
11865;4003
11865;4004
12266;16003
12366;4004
12366;4002
12681;4002
12784;15039
12801;15008
12801;15035
12833;4002
13019;1020
13019;1001
13285;12022
13285;12013
13285;12036
13302;6001
13470;4003
14236;1001
14403;4003
14519;15039
14553;12015
14604;4003
14690;1001
14705;4002
14757;4003
15088;4002
15455;4002
15455;4004
15641;4002
15842;4003
16043;4003
16090;4002
16342;12011
16342;8005
16558;1001
16594;4002
16662;4002
16759;4002
16943;6001
17444;12038
17579;4002
17613;6001
17729;4002
17778;4002
17897;4002
17962;4002
17962;4003
18098;4002
18113;4003
18182;4002
18366;1005
18366;1001
18366;1020
18498;1001
18583;4002
18600;4002
18682;4002
18682;4003
18734;4002
19185;4002
19417;4002
19451;4002
19502;6001
19584;4002
19635;4002
19635;4003
19686;4002
19717;4002
19717;4004
19717;4003
19885;4002
19903;12011
19920;4002
20069;12011
20104;4002
20254;4002
20254;4003
20286;4002
20321;4002
20335;4002
20337;4002
20439;4002
20672;4003
20740;4003
20740;4002
20755;4002
20805;15039
20871;4002
20971;4002
21139;4002
21139;4003
21173;4002
21240;4002
21240;4004
21240;4003
21288;4003
21290;4002
21357;4002
21357;4004
21357;4003
21372;4002
21388;4002
21423;4004
21423;4002
21491;4002
21539;4002
21625;4002
21826;4002
21826;4003
22041;6001
22041;2021
22041;12004
22041;12022
22041;5005
22041;5015
22127;4004
22127;4003
22224;4003
22224;4002
22377;4003
22428;15039
22594;4003
22745;4002
22977;4002
22979;4002
23129;8001
23129;12011
23362;4002
23597;1001
23612;4002
23697;4002
23796;4002
23812;4003
23831;4002
23880;4002
23965;4002
23999;6001
24112;4002
24164;4003
24181;4002
24466;4002
24500;4002
24798;6001
24834;4002
24901;4002
24933;4002
25050;4004
25050;4003
25486;4003
25500;4002
25736;4002
25752;4002
25785;13007
25869;4002
25901;4002
25920;4002
25951;1001
25984;4002
26068;4002
26218;4002
26220;3029
26320;4002
26419;4002
26419;4003
26520;4002
26553;4002
26589;4002
26637;4002
26736;6001
26736;12011
26756;4002
26756;4004
26788;4002
26940;4002
26989;4002
27105;4002
27172;4002
27221;4002
27239;4002
27254;4002
27272;4002
27508;4002
27776;4003
27858;12011
27858;6001
27876;4002
27941;4002
27941;4004
28244;6001
28608;4004
28608;4002
28661;4002
28762;4002
28795;4002
28842;4002
29260;4002
29260;4004
29395;3012
29730;4003
30248;4003
30248;4004
30248;4002
30331;4002
30583;4002
31616;4004
31616;4002
32268;4003
32486;4002
32870;13001
32956;4002
32970;1001
33256;1001
33256;1020
33256;1016
33305;6001
33508;15008
33508;15035
33623;8001
33623;12011
33806;12011
33806;12038
33809;4002
33826;6001
34075;4002
34093;1001
34393;4002
34625;2021
35177;4002
35578;4002
35747;6001
35847;4002
35915;3012
36196;4002
36199;4002
36199;4004
36199;4003
36296;6001
36416;3029
36482;4002
36500;4003
36814;4002
36949;4002
37016;3010
37032;4002
37183;1001
37301;4002
37318;4002
37733;6001
37802;4002
37802;4004
38220;15039
38990;1001
38990;1020
39156;4003
39156;4002
39339;15039
39356;4002
39688;4002
39823;4002
39874;4002
40026;4002
40043;4002
40043;4003
40324;4003
40358;4002
40444;4003
41380;4002
41527;4002
41530;4002
41663;4002
41697;4002
41777;4002
41845;4002
41881;4003
42165;4002
42197;4003
42332;4002
42363;4002
42447;4002
42496;6001
42600;4002
42649;4002
42731;1020
42731;1001
42780;4002
43082;4002
43114;4002
43117;4002
43148;4002
43151;4002
43183;15039
43267;4002
43367;4002
43384;1001
43452;4002
43569;4002
43601;15039
43718;4002
43753;16003
43867;4002
44003;4003
44037;4002
44103;4002
44184;4002
44368;4002
44502;4002
44686;4002
44889;4002
44973;4002
45154;4002
45323;4002
45540;4002
45540;4003
45792;4002
45923;4002
45942;4003
46040;15039
46560;4002
46591;4002
46693;6001
47078;4002
47142;4002
47211;4002
47560;1004
47610;4002
47928;4002
47995;7014
48048;4002
48229;4002
48229;4003
48345;4002
48462;4002
48549;4002
48581;4002
48715;4002
48764;4003
48916;4002
48932;1001
48934;6001
48982;4002
48998;2021
49134;6001
49183;15039
49199;1001
49284;4002
49299;4002
49398;4002
49417;4002
49468;4002
49616;3012
49685;4002
49800;4002
49850;4002
49867;4002
49883;4002
49900;4002
49902;4002
49903;4002
50068;4002
50137;4002
50436;1001
50502;4002
50705;4002
51089;4002
51271;4002
51321;15039
51340;4002
51340;4003
51374;4002
51404;4004
51473;15018
51474;4002
51789;4002
51891;4002
51955;4002
52023;4002
52074;4002
52409;4002
52507;4003
52694;4002
53126;4002
53310;1001
53326;4002
53345;4002
53443;4002
53596;4003
53660;4002
53912;6001
53914;4002
54097;1001
54163;1001
55435;1001
55682;3010
55682;3011
55732;4002
55752;4002
55752;4004
55819;4002
55985;4002
55985;4003
56053;4002
56084;4002
56137;4002
58125;13003
58958;8005
60649;1001
63507;13003
65325;1001
65328;1001
65459;1020
65493;15039
65579;15039
65596;15039
65628;15039
65728;12018
65728;12021
65880;6001
92567;1001
119626;1001
119977;6001
120009;6001
120026;6001
120043;6001
120060;6001
120092;6001
120109;6001
120112;6001
120212;6001
125459;4002
125559;4002
126443;4003
126445;4003
126446;4003
126460;4003
126461;4003
126462;4003
126463;4003
126479;4003
126494;4003
126495;4003
126496;4003
126512;4004
126512;4002
126526;4003
126527;4003
126529;12011
126529;6001
126544;4004
126544;4003
126545;4003
126561;4004
126578;4002
126595;4002
126644;4004
126647;4004
126647;4002
126661;4002
126678;4003
126963;1001
129554;1001
130657;4002
146083;4004
146114;15035
146114;15008
147019;4002
150442;8001
150442;12011
150594;4002
153186;1012
153333;1001
153985;1012
153987;1012
153988;1012
290127;4002
310516;15025
310631;15025
380323;4002
380340;4002
424963;8001
427153;1001
427153;1020
427685;1020
427685;1001
429323;6001
429324;6001
431398;1004
431747;3012
432167;6001
432251;1020
432766;12011
432766;8001
434370;6001
434373;6001
435073;1004
435591;6001
435592;6001
435593;6001
436092;3032
436092;3033
436092;12003
437194;15039
437263;1004
437263;1019
438265;6001
438266;6001
439318;15016
439985;15035
441359;1001
441456;1001
2866151;13003
2878485;15025
2998949;4002
2999636;12011
3001258;6001
3009561;4002
3011783;4002
3030253;3029
3048168;6001
29006;4003
29031;12023
29031;15037
29292;4002
29481;4002
29481;4004
29492;1020
29524;6001
29524;8001
29524;12011
29615;4002
29969;4003
30024;3012
30128;16003
30228;4002
30242;13007
30460;13003
30471;4002
30517;4002
30744;4003
30989;4002
31662;6001
32332;4003
33050;4004
33050;4002
33159;12038
33159;12011
33402;4002
33570;3029
33611;6001
33686;12011
33952;4002
34338;12011
34361;4002
34665;4002
34879;6001
34908;6001
34908;12011
35108;6001
35165;4003
35633;4003
36158;4003
36194;4003
36360;4003
36694;1004
36794;4002
37046;4002
37364;4002
37596;4002
37596;4003
37748;4003
38214;4002
38532;1004
38532;1006
38532;1019
38532;1020
38532;1001
38741;4002
39084;6001
39143;4003
39236;4002
39436;4003
39754;4004
39754;4003
39777;4004
39777;4003
39929;12011
40172;4002
40481;15022
40481;15039
40497;4003
40670;15039
40965;12011
40965;6001
40988;4002
41031;8007
41031;12038
41122;16006
41324;3012
41342;4003
41551;4002
41556;4002
41758;4002
41867;4003
42008;4002
42183;4002
42294;4002
42358;4002
42487;4002
42519;15039
42810;4003
42871;4002
42885;4002
43037;12038
43037;6001
43037;12011
43253;4002
43269;12011
43269;12004
43269;12006
43614;4002
43748;4002
43882;4002
43971;4002
44041;4002
44348;6001
44348;12011
44380;4002
44434;4002
44466;4002
44648;4003
44725;4002
44732;1020
44732;1001
44818;1001
44852;15018
44909;4002
45007;1020
45007;1001
45107;4002
45284;12038
45284;8001
45679;4002
45709;4002
45777;4002
45961;4002
45963;16007
46147;4002
46154;4003
46495;8001
46495;12006
46495;12011
46563;4002
46645;4002
46704;5008
46722;4002
46722;4003
47088;4002
47122;4002
47422;4002
47524;4002
47549;3010
47949;12011
47990;4002
48051;4002
48142;4002
48201;4002
48383;4002
48517;4002
48535;4003
48544;4002
48562;4002
48662;1004
48662;1020
48662;1021
48742;4002
49010;4002
49171;4002
49205;4002
49355;12011
49355;8001
49355;6001
49587;4002
49664;4002
49712;4002
49937;4002
49948;4003
49996;4002
50016;4003
50205;15039
50305;4002
50305;4004
50348;4002
50457;4004
50457;4002
50607;4002
50723;12023
50893;4003
50927;4002
51577;4002
51577;4003
51600;4002
51609;4002
51634;4002
51693;4002
51761;4002
52088;4002
52145;4002
52304;4002
52347;4002
52495;4002
52547;4002
52604;4004
52604;4002
52690;4002
52740;4002
52804;15039
52963;4002
53622;4002
53974;2021
55464;4002
55589;4002
55698;4002
55737;4002
55907;4002
55964;4002
56130;12011
56439;6001
56707;4002
56709;4002
60667;1001
62918;1001
63018;1001
65324;1001
65599;15039
65622;15039
65631;15039
65708;12018
65731;12018
65765;12021
65831;6001
119645;15039
119688;15039
119997;6001
120006;6001
120029;6001
120049;6001
120063;6001
120072;6001
120106;6001
125479;4002
126249;1001
126265;1001
126383;12011
126417;4003
126422;4003
126431;4003
126433;4003
126440;4003
126447;4003
126449;4003
126456;4003
126465;4003
126467;4003
126472;4003
126483;4003
126490;4003
126492;4004
126497;4003
126515;4003
126517;4003
126524;4003
126531;4003
126533;4003
126540;4003
126542;4003
126547;4003
126556;4003
126558;4003
126572;4002
126581;4002
126592;4002
126601;4004
126601;4003
126606;4003
126667;4004
126667;4002
126681;4003
126876;1004
129507;1001
129514;1001
132088;4002
146535;1001
150299;4002
150422;4002
150699;1012
152546;1001
152546;1020
152669;1020
154166;12023
154166;15037
287030;15025
287087;15025
287096;15025
291040;4002
291135;4002
337993;15025
424674;6001
425458;1020
425458;1019
425458;1001
427373;15039
427582;15039
428770;16003
433925;12011
436799;6001
437367;6001
437867;1020
437867;1001
438060;6001
441193;3038
441279;15039
2999398;12038
2999521;1020
3000752;4002
3000841;12011
3000841;6001
3021785;4003
3021785;4002
3048112;6001
3070183;6001
3075295;6001
3075297;6001
3083278;6001
3083287;6001
3083292;6001
3093077;6001
3095367;6001
3105377;6001
3105379;6001
3105381;6001
3120503;6001
3120589;6001
3122375;6001
3122377;6001
3122382;6001
3122384;6001
3122386;6001
3122391;6001
3122393;6001
3122711;6001
3122718;6001
3122725;6001
3124415;6001
3124540;6001
3124547;6001
3124731;6001
3204115;1020
3204115;1001
3204301;1020
3048169;6001
3048170;6001
3083279;6001
3083280;6001
3083282;6001
3090550;8007
3093277;6001
3095249;6001
3122373;6001
3122387;6001
3122388;6001
3122389;6001
3122390;6001
3122721;6001
3122722;6001
3122723;6001
3122724;6001
3124394;6001
3124395;6001
3124409;6001
3124410;6001
3124411;6001
3124412;6001
3124479;6001
3124492;6001
3124493;6001
3124542;6001
3124543;6001
3124544;6001
3124545;6001
3124546;6001
3124726;6001
3124727;6001
3124728;12038
3124728;6001
3124729;6001
3124760;6001
3124761;6001
3124794;6001
3204112;1020
3204112;1001
3204347;1004
3204364;1001
3204364;1020
3204381;1001
3204381;1020
3204381;1016
3204480;6001
3204481;1020
3204481;1001
3204547;1019
3205050;6001
3210464;1005
3210464;1001
3210464;1019
3211265;1001
3225386;1020
3236953;1020
3243803;1020
3243803;1016
3243803;1001
3243903;1001
3243903;1020
3243903;1016
6434581;12011
6436436;1020
6436687;6001
6436705;12011
6436705;6001
6436737;12011
6436738;6001
6436756;6001
6437255;12011
6437255;6001
6437272;1020
6437472;6001
6437475;1020
6439178;12011
6439479;1020
6440816;1020
6440816;1001
6524697;6001
6524794;15039
6526867;6001
6532231;15039
6532234;15039
6532265;15039
6532500;15039
6532517;15039
6532600;8007
6533588;15039
6533605;15039
6535809;1027
6538468;13003
6546171;4002
6551919;1027
6552403;6001
6552403;12011
6552403;8002
8018674;12011
8018674;6001
8019441;6001
8020881;6001
8048303;6001
8048303;8002
8048306;6001
8048306;8002
8068040;15039
8154497;4002
8154812;4002
8159727;8007
8162200;6001
8162283;6001
8162283;12038
8162635;6001
8163302;15039
8164991;15039
8165057;15039
8165074;15039
8165091;15039
8165761;15039
8168465;3012
8169236;1004
8169270;1004
8169519;1004
8169986;15039
8170573;15003
8170573;15008
8170756;15039
9838309;12011
11025130;8001
11025130;12011
11025130;6001
11028319;6001
11028319;12011
11028319;12038
11028319;12016
11028754;6001
11029590;1004
11030294;12038
11030294;6001
11031262;1004
11035106;12018
11038850;8007
11040387;8005
11040871;12011
11042391;12011
11042394;12011
11042895;12011
11043012;12011
11046673;12011
11046673;6001
11048743;4004
11048743;4002
11049261;4002
11053271;1020
11054911;15011
11054911;15012
3204401;1001
3204467;1020
3204485;6001
3204499;6001
3204676;8002
3205051;1020
3205051;1016
3205051;1001
3205062;6001
3205085;1020
3095919;6001
3205085;1001
3205251;1001
3205251;1020
3210458;1001
3210867;6001
3210962;1001
3210962;1016
3210962;1020
3225148;1020
6434587;12011
6434610;1020
6435457;15035
6435457;15033
6435673;6001
6436682;12011
6436682;6001
6436691;12011
6436691;6001
6436702;12011
6436743;6001
6436757;12011
6436757;6001
6436759;6001
6437252;12011
6437252;6001
6437275;1001
6438388;1016
6438388;1004
6524674;6001
6526855;6001
6526855;12011
6526864;6001
6532285;8007
6532494;15039
6532503;15039
6533834;12023
6534168;2021
6534175;2021
6535806;1027
6535872;1022
6536656;1027
6538437;13003
6546984;8001
8018677;6001
8019447;8002
8028678;12023
8047825;12011
8048300;6001
8048300;8002
8065907;4002
8066082;4002
8066139;16003
8123631;6001
8123631;12011
8123631;12038
8157757;2021
8162203;6001
8162478;15039
8162621;6001
8162873;6001
8163239;15039
8164450;15039
8164470;15039
8164836;15039
8164859;15039
8164868;15039
8165054;15039
8165068;15039
8165077;15039
8165672;15039
8168655;15039
8169273;1004
8169282;1004
8169459;1004
8169525;1004
8169957;15039
8170550;6001
8170570;15035
8170727;12011
8170727;6001
8170727;12038
8270767;6001
9480817;6001
11025651;6001
11025651;12038
11025651;12011
11029195;6001
11029613;12016
11029613;12011
11029613;8001
11030858;12023
11030947;6001
11035100;12018
11035636;2021
11038844;8007
11040868;12011
11041120;15039
11042322;12011
11042322;6001
11042322;8001
11042892;12011
11043006;12011
11043015;12011
11043290;6001
11046593;6001
11046868;8001
11046868;12011
11048731;6001
11048740;4002
11048740;4004
11049192;12011
11049249;4002
11049258;4002
11094991;15025
11119030;12023
